-- phpMyAdmin SQL Dump
-- version 4.2.11
-- http://www.phpmyadmin.net
--
-- Host: 127.0.0.1
-- Generation Time: Oct 05, 2017 at 02:23 AM
-- Server version: 5.6.21
-- PHP Version: 5.6.3

SET SQL_MODE = "NO_AUTO_VALUE_ON_ZERO";
SET time_zone = "+00:00";


/*!40101 SET @OLD_CHARACTER_SET_CLIENT=@@CHARACTER_SET_CLIENT */;
/*!40101 SET @OLD_CHARACTER_SET_RESULTS=@@CHARACTER_SET_RESULTS */;
/*!40101 SET @OLD_COLLATION_CONNECTION=@@COLLATION_CONNECTION */;
/*!40101 SET NAMES utf8 */;

--
-- Database: `labti-pelayanan-v2`
--

-- --------------------------------------------------------

--
-- Table structure for table `data_mahasiswa`
--

CREATE TABLE IF NOT EXISTS `data_mahasiswa` (
  `npm` varchar(8) NOT NULL,
  `nama` varchar(100) NOT NULL,
  `kelas` varchar(5) NOT NULL,
  `angkatan` varchar(4) NOT NULL
) ENGINE=InnoDB DEFAULT CHARSET=latin1;

--
-- Dumping data for table `data_mahasiswa`
--

INSERT INTO `data_mahasiswa` (`npm`, `nama`, `kelas`, `angkatan`) VALUES
('12345678', 'tk', 'NC', 'NC'),
('1A114535', 'Suryaningsih', '', '2014'),
('50412174', 'ADI ALAN PURWANTO', '4IA17', '2014'),
('50412566', 'Albertus', 'NC', '2012'),
('50412568', 'ALBY SEPTIAN WIDODO', '4IA12', '2014'),
('50412882', 'ANGGA PRASETYA PERDANA', '4IA15', '2014'),
('50413128', 'ADE CECEP IZMANUDIN', '4IA08', '2014'),
('50414002', 'A A GDE A ADITYA PRATAMA', '4IA01', '2014'),
('50414031', 'ABDUL KADIR ALMASYHUR', '4IA07', '2014'),
('50414036', 'ABDUL MALIK MAULANA SYABA', '4IA06', '2014'),
('50414049', 'ABDUL ROZAQ', '4IA16', '2014'),
('50414073', 'ABI FADHILLAH SURYA', '4IA01', '2014'),
('50414080', 'ABIYYU DHIYA', '4IA16', '2014'),
('50414090', 'ACEP MULYA DIWARGANA', '4IA10', '2014'),
('50414098', 'ACHMAD ARSYIL WIRADINATA', '4IA10', '2014'),
('50414107', 'ACHMAD FAIDZ RAMADHAN', '4IA03', '2014'),
('50414135', 'ACHMAD PUTRA KITABARIDHA', '4IA17', '2014'),
('50414150', 'ACHMAD ZULIZAR Y', '4IA13', '2014'),
('50414178', 'ADDI JOPARAS SHAFAT', '4IA13', '2014'),
('50414187', 'ADE KURNIA RAMADHAN', '4IA04', '2014'),
('50414196', 'ADE RIZKY PUTRI', '4IA01', '2014'),
('50414232', 'ADI HIDAYATTULLAH', '4IA03', '2014'),
('50414234', 'ADI NUGRAHA YUNANDA', '4IA03', '2014'),
('50414279', 'ADITIA SEPTIANDI', '4IA04', '2014'),
('50414284', 'ADITYA AFRIYANDI', '4IA11', '2014'),
('50414332', 'ADIVIGO KHALISHTAMA', '4IA16', '2014'),
('50414335', 'ADJI TRIAS NURCAHYA PUTRA', '4IA11', '2014'),
('50414350', 'ADRIAN FAISAL', '4IA13', '2014'),
('50414358', 'ADRIANUS PERMANA T', '4IA11', '2014'),
('50414385', 'AFIF MAKARIM', '4IA17', '2014'),
('50414388', 'AFIF SHAFLY NUGROHO', '4IA11', '2014'),
('50414395', 'AFIFAH SABILILLAH', '4IA07', '2014'),
('50414412', 'AFRIAN MAHENDRA NUR S.', '4IA12', '2014'),
('50414413', 'AFRIANDRI PRIMA UTAMA', '4IA01', '2014'),
('50414414', 'AFRIANZAH ADI PURNOMO', '4IA04', '2014'),
('50414432', 'AGENG SEPTIAN PRASETIO', '4IA14', '2014'),
('50414471', 'AGUNG KURNIAWAN', '4IA08', '2014'),
('50414489', 'AGUNG SOFIAN', '4IA03', '2014'),
('50414494', 'AGUNG WICAKSONO', '4IA01', '2014'),
('50414496', 'AGUS ANIN FALAHUDIN', '4IA14', '2014'),
('50414514', 'AGUS WIJAYA', '4IA12', '2014'),
('50414521', 'AGUSTINUS DAVID SUSANTO', '4IA04', '2014'),
('50414569', 'AHMAD IQBAL FAUZY', '4IA04', '2014'),
('50414570', 'AHMAD IQBAL GHAZALY', '4IA13', '2014'),
('50414599', 'AHMAD RISWANTO', '4IA04', '2014'),
('50414603', 'AHMAD RIZQULLAH JONSI', '4IA02', '2014'),
('50414623', 'AHMAD ZULFIKAR', '4IA04', '2014'),
('50414704', 'AKHMAD ALIF FATONI', '4IA08', '2014'),
('50414710', 'AKMAL ALFARISI', '4IA01', '2014'),
('50414724', 'ALBERDO RAMADHANO', '4IA06', '2014'),
('50414741', 'ALDI GINANJAR ARDIANSAH', '4IA04', '2014'),
('50414744', 'ALDI KURNIA PUTRA', '4IA12', '2014'),
('50414745', 'ALDI OKTAFANDHI', '4IA11', '2014'),
('50414782', 'ALEN TRIANA ASTUTI NINGRU', '4IA08', '2014'),
('50414785', 'ALEXANDER BERNARDI', '4IA02', '2014'),
('50414792', 'ALFARH YODI PRATAMA', '4IA14', '2014'),
('50414797', 'ALFHAN RIZKY F', '4IA12', '2014'),
('50414808', 'ALFIAN DHIMAS NUR MARITA', '4IA09', '2014'),
('50414827', 'ALFONSIUS KRISNANDA', '4IA01', '2014'),
('50414829', 'ALFRED RADJA JAYA', '4IA04', '2014'),
('50414839', 'ALI AKBAR RAFSANJANI', '4IA03', '2014'),
('50414882', 'ALOISIUS THOMAS AQUINO FE', '4IA08', '2014'),
('50414915', 'ALYA DINIASTI', '4IA04', '2014'),
('50414924', 'ALZA AULIA SIREGAR', '4IA12', '2014'),
('50414925', 'ALZA ICHSAN KURNIAWAN', '4IA01', '2014'),
('50414939', 'AMANDA PUTRI NURABSHARINA', '4IA07', '2014'),
('50414943', 'AMELIA', '4IA14', '2014'),
('50414957', 'AMIEN GIARSONO', '4IA11', '2014'),
('50414989', 'ANANDA CITRA DEWI', '4IA02', '2014'),
('50415004', 'ABALJERIND', '3IA17', '2015'),
('50415019', 'ABDUL RAFFIQURAHMAN R', '3IA16', '2015'),
('50415027', 'ABDULLAH BUKHARI', '3IA05', '2015'),
('50415030', 'ABDURRAHMAN ARIYANTO', '3IA07', '2015'),
('50415038', 'ABIBI', '3IA14', '2015'),
('50415041', 'ABISONNA', '3IA04', '2015'),
('50415043', 'ABIYU DANISWARA', '3IA16', '2015'),
('50415046', 'ABU CHITRA SETIAWAN', '3IA17', '2015'),
('50415047', 'ABU DZAR AL-GIFARI', '3IA17', '2015'),
('50415070', 'ACHMAD RUSMANTO', '3IA15', '2015'),
('50415079', 'ADAM HENDRISAPUTRA', '3IA03', '2015'),
('50415087', 'ADDY BAIHAQI', '3IA01', '2015'),
('50415094', 'ADE MUHAMMAD RIZKI', '3IA06', '2015'),
('50415102', 'ADE YUSRIZAL SETIAWAN', '3IA06', '2015'),
('50415103', 'ADEL SAGOTRAHERU', '3IA07', '2015'),
('50415110', 'ADHAM FAKHRI HAKIM', '3IA10', '2015'),
('50415118', 'ADHITYA BONOR', '3IA10', '2015'),
('50415130', 'ADI PRATAMA', '3IA16', '2015'),
('50415139', 'ADIDYA PRAPBANDARU', '3IA10', '2015'),
('50415142', 'ADIKA SYARIAT MADARI', '3IA09', '2015'),
('50415146', 'ADINDA HANIFATI JASMINE', '3IA01', '2015'),
('50415185', 'ADITYA MAHFUZHA', '3IA03', '2015'),
('50415187', 'ADITYA MUHAMMAD AJIPRATOM', '3IA03', '2015'),
('50415189', 'ADITYA NOOR ABADI', '3IA16', '2015'),
('50415190', 'ADITYA NUGRAHA', '3IA10', '2015'),
('50415218', 'ADRIAN SYAPUTRA', '3IA11', '2015'),
('50415219', 'ADRIANSYAH FIRDAUS', '3IA06', '2015'),
('50415249', 'AGA DARUWIRANDA', '3IA13', '2015'),
('50415259', 'AGISHA RIYANI N', '3IA08', '2015'),
('50415260', 'AGNES APRIL JESI', '3IA05', '2015'),
('50415261', 'AGNES ASETIAWAN', '3IA07', '2015'),
('50415271', 'AGUNG ANUGRAH ASRIL', '3IA05', '2015'),
('50415274', 'AGUNG DWI PRATAMA', '3IA08', '2015'),
('50415282', 'AGUNG PERMANA', '3IA05', '2015'),
('50415284', 'AGUNG PRAYOGA', '3IA14', '2015'),
('50415289', 'AGUNG SAPUTRA', '3IA09', '2015'),
('50415296', 'AGUNG TRESNA GUMELAR', '3IA16', '2015'),
('50415299', 'AGUNG WICAKSONO', '3IA04', '2015'),
('50415319', 'AHMAD FACHRIZAL WIBIANTO', '3IA05', '2015'),
('50415321', 'AHMAD FAHROZI', '3IA12', '2015'),
('50415334', 'AHMAD FIQIH HAIKAL', '3IA11', '2015'),
('50415335', 'AHMAD FURQAN', '3IA05', '2015'),
('50415340', 'AHMAD IBRAHIM', '3IA05', '2015'),
('50415344', 'AHMAD KAUSAR', '3IA16', '2015'),
('50415352', 'AHMAD MUSA AL HABSYI', '3IA17', '2015'),
('50415365', 'AHMAD SHIDQI ARRIZKY', '3IA10', '2015'),
('50415370', 'AHMAD SYUKRON', '3IA01', '2015'),
('50415376', 'AHMAD ZAKY LUBIS', '3IA06', '2015'),
('50415387', 'AINUN INTAN PRADIPTA', '3IA08', '2015'),
('50415403', 'AJI AKBAR ROBIANTORO', '3IA16', '2015'),
('50415409', 'AJI PANGESTU DWI SAPUTRA', '3IA11', '2015'),
('50415427', 'AKBAR WIBAWANTO', '3IA04', '2015'),
('50415443', 'ALAMASA SURYANINGBUDI', '3IA08', '2015'),
('50415491', 'ALFAJRI YASMAULANA', '3IA15', '2015'),
('50415507', 'ALFIAN FAUZI PRATAMA', '3IA09', '2015'),
('50415510', 'ALFIAN NIRANDA', '3IA11', '2015'),
('50415528', 'ALGHIFARI FIKRI SANTOSO', '3IA13', '2015'),
('50415537', 'ALIEF RANANDA', '3IA16', '2015'),
('50415571', 'ALVI SEPTIAN', '3IA04', '2015'),
('50415578', 'ALVIN FEDERIK SINAGA', '3IA09', '2015'),
('50415582', 'ALVIN RAMADHANI', '3IA06', '2015'),
('50415592', 'ALVIYO PRATAMA', '3IA07', '2015'),
('50415600', 'AMALIA MANDAWATI', '3IA09', '2015'),
('50415608', 'AMALIA ZATI ATSARI', '3IA06', '2015'),
('50415661', 'ANDHI LER', '3IA08', '2015'),
('50415680', 'ANDI GOZHALI WIDJAYA', '3IA06', '2015'),
('50415685', 'ANDI PRANATA', '3IA06', '2015'),
('50415690', 'ANDIKA DRIYADIPURA', '3IA03', '2015'),
('50415702', 'ANDITO ZAFRAN ILYAS', '3IA17', '2015'),
('50415703', 'ANDO PRATAMA WIBAWA', '3IA14', '2015'),
('50415707', 'ANDRE BAGAS KURNIAWAN', '3IA11', '2015'),
('50415713', 'ANDRE MUSBAR', '3IA16', '2015'),
('50415714', 'ANDRE NANDIKA', '3IA14', '2015'),
('50415719', 'ANDRE SYAFRUDIN', '3IA16', '2015'),
('50415723', 'ANDREA FALDO', '3IA17', '2015'),
('50415748', 'ANDRIAN NAUFAL PRATAMA', '3IA09', '2015'),
('50415750', 'ANDRIYANTO NUGROHO', '3IA05', '2015'),
('50415780', 'ANGGER RIDHO ABDULLAH', '3IA12', '2015'),
('50415791', 'ANGGIE NOVIANTO PRATAMA S', '3IA17', '2015'),
('50415792', 'ANGGINA DWI FITRIANI', '3IA04', '2015'),
('50415806', 'ANGGY AGUSTIAN PRAHARSIWI', '3IA12', '2015'),
('50415817', 'ANIS AYU ASTARI', '3IA02', '2015'),
('50415831', 'ANISA MERDEKAWATI', '3IA02', '2015'),
('50415843', 'ANITA', '3IA01', '2015'),
('50415937', 'ARDEA BAGAS WIBISONO', '3IA17', '2015'),
('50415938', 'ARDHI PUTRA MAHARDIKA', '3IA01', '2015'),
('50415954', 'ARI BHAKTIAR RAMADHAN', '3IA03', '2015'),
('50415955', 'ARI IRWANDI', '3IA04', '2015'),
('50415957', 'ARI RIYANTO HIDAYAT', '3IA12', '2015'),
('50415964', 'ARIDHO ABBY SAPUTRA', '3IA11', '2015'),
('50415977', 'ARIEF RACHMAN M', '3IA04', '2015'),
('50415981', 'ARIEF TAULADAN', '3IA10', '2015'),
('50415982', 'ARIES KHODISYAH', '3IA08', '2015'),
('50415987', 'ARIF BAGUS ABDUL AZIS', '3IA02', '2015'),
('50416006', 'ABBAS ABDUL GHAFFAR', '2IA06', '2016'),
('50416013', 'ABDUL FIKAR AZRIALSYAH', '2IA04', '2016'),
('50416018', 'ABDUL ROHMAN', '2IA14', '2016'),
('50416028', 'ABDURRAHMAN', '2IA06', '2016'),
('50416046', 'ABU SOPYAN', '2IA13', '2016'),
('50416060', 'ACHMAD FAUZI', '2IA16', '2016'),
('50416062', 'ACHMAD ILHAM FARIDL', '2IA07', '2016'),
('50416063', 'ACHMAD ILYAS RAMADHAN', '2IA05', '2016'),
('50416074', 'ADAM ALMA INDRA', '2IA17', '2016'),
('50416077', 'ADAM BUDIMAN', '2IA17', '2016'),
('50416078', 'ADAM BUKHORI SIKAL', '2IA15', '2016'),
('50416087', 'ADAM RIZKY FADILLA', '2IA05', '2016'),
('50416090', 'ADAM VALEVI SIREGAR', '2IA07', '2016'),
('50416123', 'ADFRIAN RAIS HASAN', '2IA06', '2016'),
('50416125', 'ADHA NUR SETYAWA N', '2IA10', '2016'),
('50416126', 'ADHAM SEPTEAN BEBA', '2IA11', '2016'),
('50416127', 'ADHE PUTRI RACHMAWATI PER', '2IA17', '2016'),
('50416136', 'ADHITYA RAHMATULLAH', '2IA16', '2016'),
('50416142', 'ADI CHONDRO', '2IA08', '2016'),
('50416147', 'ADI MULYA ABADI', '2IA17', '2016'),
('50416154', 'ADI SUJOKO', '2IA12', '2016'),
('50416159', 'ADIB RESTU SAPUTRA', '2IA08', '2016'),
('50416169', 'ADINDA AINUN NISA', '2IA01', '2016'),
('50416194', 'ADITIA RASPATI PUTRA TARI', '2IA13', '2016'),
('50416197', 'ADITYA', '2IA05', '2016'),
('50416214', 'ADITYA KRISNA NUGRAHA', '2IA11', '2016'),
('50416234', 'ADITYA WIHARSO PUTRA', '2IA09', '2016'),
('50416239', 'ADITYIA ARI PUTRA', '2IA05', '2016'),
('50416265', 'ADRIN FABIORENSKI WIJAYA', '2IA05', '2016'),
('50416278', 'AFIFAH NUR FALAH YUSNIKA', '2IA17', '2016'),
('50416281', 'AFLANA ARKA', '2IA04', '2016'),
('50416292', 'AGAN MUHAMAD RAFI', '2IA09', '2016'),
('50416317', 'AGUNG BINSAR ALVEUS', '2IA16', '2016'),
('50416325', 'AGUNG HENDRAWAN', '2IA05', '2016'),
('50416342', 'AHMAD LUTHFI IBRAHIM', '2IA15', '2016'),
('50416347', 'AHMAD ALFURQAN SUYONO', '2IA13', '2016'),
('50416351', 'AHMAD BUSTOMI GOZALI', '2IA03', '2016'),
('50416359', 'AHMAD FAJRUL FALAH', '2IA08', '2016'),
('50416360', 'AHMAD FAKHRIZA LUTHFI', '2IA13', '2016'),
('50416365', 'AHMAD FARIZ HIBATULLAH', '2IA06', '2016'),
('50416374', 'AHMAD IZZUDIN AS SAYYAF', '2IA09', '2016'),
('50416382', 'AHMAD LUTHFI NURSALAM', '2IA03', '2016'),
('50416389', 'AHMAD NAUFAL AL RASYID', '2IA13', '2016'),
('50416396', 'AHMAD RIZALDI', '2IA13', '2016'),
('50416413', 'AHMADIN ZAKI', '2IA16', '2016'),
('50416423', 'AINUR RIDWAN', '2IA14', '2016'),
('50416443', 'AJI BANGUN PRAYOGO', '2IA15', '2016'),
('50416450', 'AJI WAHYU JATI', '2IA02', '2016'),
('50416457', 'AKBAR HAZURA NELDI', '2IA12', '2016'),
('50416464', 'AKFIA AMALIA', '2IA12', '2016'),
('50416469', 'AKMAL REYHAN ADIGUNA', '2IA11', '2016'),
('50416477', 'ALANIAH NISRINA', '2IA12', '2016'),
('50416484', 'ALBERTUS EKAKRISNA P', '2IA02', '2016'),
('50416531', 'ALESSANDRO DION FEBY IGNA', '2IA04', '2016'),
('50416569', 'ALFIN ANFASA AKMAL', '2IA17', '2016'),
('50416570', 'ALFIN ARRONIUS', '2IA13', '2016'),
('50416574', 'ALFINZHA DOVALDO A', '2IA08', '2016'),
('50416590', 'ALIB PRAFIKASARI', '2IA10', '2016'),
('50416592', 'ALIEF MUHAMMAD QALAM', '2IA16', '2016'),
('50416595', 'ALIF FADEL FRAMADHAN', '2IA04', '2016'),
('50416599', 'ALIF GUMELAR', '2IA16', '2016'),
('50416618', 'ALIVIA DESTRIANTI SYAHBAN', '2IA06', '2016'),
('50416645', 'ALVIAN RASYID', '2IA11', '2016'),
('50416657', 'ALVIN RAIHAN MUNAF', '2IA10', '2016'),
('50416668', 'ALWAN EARLYAN', '2IA08', '2016'),
('50416670', 'ALWI IKBAL HAMBALI', '2IA07', '2016'),
('50416675', 'ALYA DINDA UTAMI', '2IA06', '2016'),
('50416681', 'ALYASA FAUZULTOHAR', '2IA10', '2016'),
('50416691', 'AMANDA DENY WAHYU NUGROHO', '2IA06', '2016'),
('50416713', 'AMMARZAKIY FARIS ASHSIDDI', '2IA04', '2016'),
('50416744', 'ANANTO SUBAGIO', '2IA09', '2016'),
('50416745', 'ANAS MUTHI', '2IA10', '2016'),
('50416768', 'ANDI ARINI BESSE LISE', '2IA07', '2016'),
('50416777', 'ANDI MAKMUR PRATAMA', '2IA07', '2016'),
('50416801', 'ANDRE GUNAWAN RIYANTO', '2IA06', '2016'),
('50416810', 'ANDREAS BINSAR H', '2IA16', '2016'),
('50416813', 'ANDREAS LUDFY ARI MULIA', '2IA12', '2016'),
('50416828', 'ANDRYAN AHMAD FAUZI', '2IA06', '2016'),
('50416846', 'ANGGA FESTIYAN R', '2IA14', '2016'),
('50416851', 'ANGGA WAHIDIN NASUTION', '2IA09', '2016'),
('50416854', 'ANGGARA TRI PUTRA', '2IA03', '2016'),
('50416877', 'ANGGITTO PANJIARTO', '2IA04', '2016'),
('50416977', 'ANWAR SADAT', '2IA14', '2016'),
('50416997', 'APRIYANDA RISKI P', '2IA05', '2016'),
('50416999', 'AQIL DARISI ABDUL ROHIM', '2IA03', '2016'),
('51412106', 'ARIESTRA WIYANGGA', '4IA14', '2014'),
('51412777', 'DEDE RAMDANI', '4IA11', '2014'),
('51413794', 'Brizky', 'NC', '2013'),
('51414019', 'ANDHIKA ACHMAD DHARMAWAN', '4IA16', '2014'),
('51414049', 'ANDI MUHADIR AMIN', '4IA10', '2014'),
('51414052', 'ANDI MUHAMMAD REZA SAHRUL', '4IA08', '2014'),
('51414067', 'ANDIKA DEMAS RIYANDI', '4IA01', '2014'),
('51414068', 'ANDIKA HASBIGUMDI SUDEWO', '4IA04', '2014'),
('51414076', 'ANDIKA RAHMA WIGUNA', '4IA17', '2014'),
('51414108', 'ANDRE EKO PURNOMO', '4IA03', '2014'),
('51414141', 'ANDREW FRANCHLY', '4IA04', '2014'),
('51414161', 'ANDRIANNUS PARASIAN', '4IA09', '2014'),
('51414172', 'ANDRY DARSONO', '4IA09', '2014'),
('51414185', 'ANGELA CHRISTALIA', '4IA16', '2014'),
('51414196', 'ANGGA ELVIN PRATAMA', '4IA14', '2014'),
('51414224', 'ANGGI ED`DRIANA PUTRI', '4IA07', '2014'),
('51414269', 'ANHAR RIFAT', '4IA07', '2014'),
('51414291', 'ANISA OKTAVIANI', '4IA12', '2014'),
('51414380', 'ANNISA LARASATI ARIFIANTI', '4IA01', '2014'),
('51414394', 'ANNISA RABBANY', '4IA08', '2014'),
('51414417', 'ANNRIDA SINTYA ANGGI', '4IA07', '2014'),
('51414419', 'ANOMSARI', '4IA09', '2014'),
('51414424', 'ANTAYOGA PRIHATNALA', '4IA09', '2014'),
('51414457', 'APRIAN DWI SAMBUDI', '4IA17', '2014'),
('51414476', 'APRYLIAN MAULANA', '4IA15', '2014'),
('51414507', 'ARDIYANO OKTAFIYANTO', '4IA14', '2014'),
('51414520', 'ARFIN SYADZIY BAIRUHA J.F', '4IA13', '2014'),
('51414525', 'ARGI SUTAMTO', '4IA11', '2014'),
('51414552', 'ARIANTO WIBOWO', '4IA09', '2014'),
('51414565', 'ARIEF HENDRA PUTRA UTAMA', '4IA15', '2014'),
('51414566', 'ARIEF HIDAYAT', '4IA12', '2014'),
('51414579', 'ARIF', '4IA02', '2014'),
('51414598', 'ARIF RACHMAN', '4IA17', '2014'),
('51414618', 'ARIFIN DWI CAHYA', '4IA12', '2014'),
('51414637', 'ARIQ NAUFAL', '4IA07', '2014'),
('51414640', 'ARIS JULYANTO', '4IA03', '2014'),
('51414688', 'ARTHA DWIPA SAPUTRA', '4IA06', '2014'),
('51414711', 'ARYA ARMADAN', '4IA09', '2014'),
('51414716', 'ARYANTO BANGUN WIDODO', '4IA17', '2014'),
('51414726', 'ASDI PRAYUDHA RAHADI', '4IA07', '2014'),
('51414776', 'ATHIANA NURUL FITRI AHMAD', '4IA07', '2014'),
('51414792', 'ATIKAH RISTIA FITRI', '4IA17', '2014'),
('51414804', 'AUFI NABILA', '4IA16', '2014'),
('51414819', 'AULIA IKHSAN WAHYUDI', '4IA03', '2014'),
('51414845', 'AUNI RACHMAN', '4IA13', '2014'),
('51414858', 'AXEL ARYOBOWO', '4IA10', '2014'),
('51414865', 'AYU ANGGRAINI JAFRI', '4IA06', '2014'),
('51414879', 'AYU PRAMESTY ISWANDARY', '4IA08', '2014'),
('51414914', 'AZHAR ABDUL ALIM', '4IA11', '2014'),
('51414917', 'AZHAR FIKRI', '4IA06', '2014'),
('51414922', 'AZHARI PRAKOSO', '4IA17', '2014'),
('51414945', 'AZZAM HERANUR', '4IA07', '2014'),
('51414946', 'B. KARINA DYAHARUM IMANSA', '4IA06', '2014'),
('51414969', 'BAGAS PUTRA MUHAMAD', '4IA02', '2014'),
('51414997', 'BAGUS PRASWOJO WIBOWO', '4IA07', '2014'),
('51415005', 'ARIN ROMIZAH FEBRIYATI', '3IA11', '2015'),
('51415011', 'ARIO WASKITA', '3IA08', '2015'),
('51415015', 'ARIS CANDRA', '3IA08', '2015'),
('51415023', 'ARISTIAWAN WIGUNA', '3IA17', '2015'),
('51415024', 'ARISTIKA RAHMAWATI', '3IA05', '2015'),
('51415028', 'ARIZKA SEKAR PANGESTY', '3IA07', '2015'),
('51415029', 'ARJUNA CESA ABEDNEGO', '3IA14', '2015'),
('51415039', 'ARNIDA AMELIA KHAERANI', '3IA06', '2015'),
('51415064', 'ARY PRABOWO HAMONANGAN PO', '3IA02', '2015'),
('51415068', 'ARYA DANU PRENGGA', '3IA01', '2015'),
('51415081', 'ASEP DIKI HERMANSYAH', '3IA15', '2015'),
('51415109', 'ATHIATUL BARY', '3IA01', '2015'),
('51415136', 'AUFA DIEN ASSAGAF', '3IA08', '2015'),
('51415205', 'AZIZAH JANAN S', '3IA09', '2015'),
('51415208', 'AZKA RIZKA', '3IA03', '2015'),
('51415213', 'AZZAM SYAHID ROMADHON', '3IA11', '2015'),
('51415218', 'BAGAS ARDIAN', '3IA01', '2015'),
('51415228', 'BAGAS NUR ALVIANSYAH', '3IA04', '2015'),
('51415235', 'BAGAS SETYO UTOMO', '3IA02', '2015'),
('51415240', 'BAGASKARA LIANDI PUTRA', '3IA04', '2015'),
('51415245', 'BAGUS ADE PAMUNGKAS', '3IA12', '2015'),
('51415251', 'BAGUS FAJAR DWICAHYO', '3IA11', '2015'),
('51415253', 'BAGUS PANGHEGAR MUH ABDUH', '3IA04', '2015'),
('51415254', 'BAGUS PRASETYA ABADI', '3IA10', '2015'),
('51415260', 'BAGUS YUDISTIRA WIBOWO', '3IA13', '2015'),
('51415269', 'BARUNA ADIHARTO', '3IA16', '2015'),
('51415272', 'BASRUDIN AZMAR', '3IA09', '2015'),
('51415281', 'BAYU CHOIRUL IMAM', '3IA13', '2015'),
('51415297', 'BAYU RIYADI ANGGARA PUTRA', '3IA07', '2015'),
('51415303', 'BAYU TRI SULISTYO', '3IA14', '2015'),
('51415304', 'BAYU YUNAN TORO', '3IA17', '2015'),
('51415312', 'BEKTI NUGROHO', '3IA07', '2015'),
('51415324', 'BELLA JAYANTRI PUTRI', '3IA01', '2015'),
('51415354', 'BILLEAM', '3IA03', '2015'),
('51415357', 'BILLY DARIUS', '3IA02', '2015'),
('51415371', 'BIMO WICAKSONO', '3IA11', '2015'),
('51415375', 'BINTANG DWISETYA R', '3IA17', '2015'),
('51415385', 'BOBBY CHANDRA', '3IA02', '2015'),
('51415387', 'BOBBY RIKINALDO', '3IA04', '2015'),
('51415389', 'BOBY ARIESTA', '3IA05', '2015'),
('51415391', 'BOMA INDRA GUNAWAN', '3IA12', '2015'),
('51415406', 'BRILIAN DIO SYAHPUTRA', '3IA03', '2015'),
('51415407', 'BRILLY ARFENDO GAUTAMA', '3IA09', '2015'),
('51415410', 'BUCDIYAN', '3IA11', '2015'),
('51415424', 'CAHYADI RAMADHAN', '3IA15', '2015'),
('51415426', 'CALVIN MOSES SUGIANTO', '3IA01', '2015'),
('51415464', 'CHELVIANDO ERORL JOSUA EN', '3IA13', '2015'),
('51415470', 'CHIENDE WISNU PRABOWO', '3IA07', '2015'),
('51415474', 'CHINTAN CAKA DWI C', '3IA10', '2015'),
('51415514', 'CIPTA JULIANSYAH', '3IA15', '2015'),
('51415529', 'CLARINTA AZARINE FONDA IN', '3IA10', '2015'),
('51415536', 'CRISMA WESYA GRAHADITYA', '3IA13', '2015'),
('51415548', 'DAFFA SURYAWAN DJATI', '3IA16', '2015'),
('51415559', 'DANANDO SYAH PUTRA', '3IA14', '2015'),
('51415576', 'DANIEL ANGGI PERMANA', '3IA01', '2015'),
('51415587', 'DANNI YOGA PRATAMA', '3IA01', '2015'),
('51415600', 'DARYL DININGRAT', '3IA17', '2015'),
('51415610', 'DAVID YANG', '3IA01', '2015'),
('51415614', 'DAYU CITRA MAI WAHYUDI', '3IA02', '2015'),
('51415629', 'DEAN GUSTI AZMI', '3IA08', '2015'),
('51415641', 'DEDDY ADITYA HUTAMA', '3IA12', '2015'),
('51415779', 'DEWANGKARA DAYAN G', '3IA09', '2015'),
('51415790', 'DEWI NUR AINI', '3IA15', '2015'),
('51415793', 'DEYA INDARSIH', '3IA06', '2015'),
('51415817', 'DHIHAR EKA NUR FALAH', '3IA17', '2015'),
('51415818', 'DHIKA ANGGARA', '3IA10', '2015'),
('51415823', 'DHIMAS SAPUTRA', '3IA17', '2015'),
('51415857', 'DIANA MASRITA', '3IA14', '2015'),
('51415866', 'DIAS RAHMANDHIKA', '3IA06', '2015'),
('51415882', 'DIDAH PRAMESWARI PUTRI', '3IA02', '2015'),
('51415885', 'DIDIT ADITYA DAIMAN', '3IA04', '2015'),
('51415894', 'DIKA HARTINAH', '3IA10', '2015'),
('51415907', 'DIMAS ADI PERMANA', '3IA11', '2015'),
('51415918', 'DIMAS ARI PRATAMA', '3IA17', '2015'),
('51415928', 'DIMAS HENDARTO', '3IA07', '2015'),
('51415931', 'DIMAS OCTAFIYAN', '3IA10', '2015'),
('51415940', 'DIMAS YUDO MAYRENDRA', '3IA14', '2015'),
('51415966', 'DINO DELIO', '3IA09', '2015'),
('51415967', 'DINURYAH BADAS NUNGGALAN', '3IA17', '2015'),
('51415973', 'DIOKTA REDHO LASTIN', '3IA01', '2015'),
('51415974', 'DIONISIUS', '3IA07', '2015'),
('51416000', 'AQIL FARRAS', '2IA13', '2016'),
('51416001', 'AQIL STATRA', '2IA09', '2016'),
('51416033', 'ARI KURNIAWAN', '2IA01', '2016'),
('51416037', 'ARI REZKI GINTING', '2IA11', '2016'),
('51416057', 'ARIF DWI MUTTAQIN', '2IA14', '2016'),
('51416058', 'ARIF KARUNIA PUTRA', '2IA02', '2016'),
('51416079', 'ARIQ NAUFAL', '2IA02', '2016'),
('51416080', 'ARIQ RIZKY FAUZAN', '2IA16', '2016'),
('51416084', 'ARIS KURNIA ADI', '2IA02', '2016'),
('51416089', 'ARISTO ALDERO', '2IA01', '2016'),
('51416101', 'ARNINDITYO NUGROHO', '2IA11', '2016'),
('51416106', 'ARSYA WILDAN RAJENDRA', '2IA10', '2016'),
('51416117', 'ARY ROOSYID PRAKOSO', '2IA03', '2016'),
('51416120', 'ARYA DIFA RAMADHAN', '2IA07', '2016'),
('51416154', 'ASTA ADJI NUGRAHA', '2IA05', '2016'),
('51416165', 'ASWIN RASYIDI', '2IA03', '2016'),
('51416168', 'ASYIFA LESTARI', '2IA04', '2016'),
('51416186', 'AUDITIA REFANEGARA', '2IA09', '2016'),
('51416193', 'AULIA BRAHMANTIO DIAZ', '2IA02', '2016'),
('51416229', 'AYI IMANI', '2IA01', '2016'),
('51416262', 'AZHIMI MENGGALA PURWOSUSI', '2IA11', '2016'),
('51416277', 'AZMAN AGUNG NUGRAHA', '2IA17', '2016'),
('51416283', 'AZRIN ABDUSSALAM', '2IA11', '2016'),
('51416292', 'BAGAS ADJI DEWANTORO', '2IA04', '2016'),
('51416293', 'BAGAS ANUGRAH WALUYO', '2IA06', '2016'),
('51416300', 'BAGAS NABIL DHIA AFIF', '2IA17', '2016'),
('51416304', 'BAGAS SATRIO BIMOSENO', '2IA16', '2016'),
('51416316', 'BAGUS FAJAR PRAKOSO', '2IA02', '2016'),
('51416339', 'BAMBANG SOLEHUDIN', '2IA05', '2016'),
('51416348', 'BATARI WAHYU PANGESTI', '2IA12', '2016'),
('51416361', 'BAYU NURSETIAWAN', '2IA17', '2016'),
('51416373', 'BAYU WIDYANANDA', '2IA02', '2016'),
('51416377', 'BEKTI SETIANI', '2IA07', '2016'),
('51416400', 'BERNINO FALYA', '2IA06', '2016'),
('51416409', 'BIBIN WINANTO', '2IA12', '2016'),
('51416413', 'BILLY', '2IA05', '2016'),
('51416423', 'BIMA FERNANDA ANUGRAH', '2IA16', '2016'),
('51416429', 'BIMA PRAKOSO', '2IA17', '2016'),
('51416451', 'BINTANG REFIARDI PUTRA', '2IA10', '2016'),
('51416453', 'BIRKY WIRKA GALUH ANNYSA', '2IA03', '2016'),
('51416459', 'BOGIANT RASKAROWANA', '2IA14', '2016'),
('51416463', 'BONDAN WICAKSONO', '2IA16', '2016'),
('51416468', 'BORIS GARCIA DELLA GHERAR', '2IA13', '2016'),
('51416471', 'BOY RAMDANY', '2IA02', '2016'),
('51416472', 'BRAGAS FERBIAN G', '2IA03', '2016'),
('51416485', 'BRYANTAMA PUTRA', '2IA14', '2016'),
('51416507', 'CAHYO NUGROHO WIJAYANTO', '2IA02', '2016'),
('51416509', 'CALISTA FRENA DEWINTA', '2IA08', '2016'),
('51416516', 'CANDRA CIPTO NUGROHO', '2IA10', '2016'),
('51416522', 'CARAKA BAYU WIBAWA', '2IA15', '2016'),
('51416525', 'CARLOS PARLINDUNGAN HUTAJ', '2IA17', '2016'),
('51416542', 'CEVYAN CHAHYA', '2IA09', '2016'),
('51416545', 'CHAERUL ZUHRI', '2IA08', '2016'),
('51416561', 'CHANDRA WIRYA RAMADHAN', '2IA15', '2016'),
('51416592', 'CHOULATIN SHOLIHAH', '2IA16', '2016'),
('51416602', 'CHRISTIAN DAOMARA', '2IA13', '2016'),
('51416604', 'CHRISTIAN LEONARD THAMRIN', '2IA07', '2016'),
('51416609', 'CHRISTOPORUS ANDHIKA BAYU', '2IA02', '2016'),
('51416631', 'CITRA ANNISA', '2IA08', '2016'),
('51416638', 'CLARA AYUNINGTIAS', '2IA07', '2016'),
('51416645', 'COSTA JEREMY RICARDO SIMA', '2IA14', '2016'),
('51416662', 'DAFFA ARRAFI PRADANA', '2IA07', '2016'),
('51416678', 'DANANG SETIO BUDI', '2IA05', '2016'),
('51416691', 'DANDY MUHAMAD PUTRA', '2IA03', '2016'),
('51416695', 'DANIA NOORAFIPAH', '2IA04', '2016'),
('51416700', 'DANIEL PARDAMEAN', '2IA03', '2016'),
('51416703', 'DANIEL RIO CHRISTIAN', '2IA01', '2016'),
('51416720', 'DARWIN LOHER', '2IA17', '2016'),
('51416732', 'DAVID PANCA LAKSANA', '2IA14', '2016'),
('51416740', 'DEA CHINTIA PUTRI', '2IA01', '2016'),
('51416748', 'DEAN AZZANNI AKBAR', '2IA08', '2016'),
('51416751', 'DEANDRI FIRDAUS', '2IA01', '2016'),
('51416769', 'DEDE NURSULISTIAWAN', '2IA09', '2016'),
('51416774', 'DEDI SETIADI', '2IA15', '2016'),
('51416779', 'DEGA PRANDIAGA UTAMA`', '2IA15', '2016'),
('51416793', 'DELTA EL KAMAL', '2IA12', '2016'),
('51416794', 'DELVIERO NIGEL M. S.', '2IA07', '2016'),
('51416797', 'DEMAK ALFREDO', '2IA01', '2016'),
('51416806', 'DENI ACHMAD KURNIAWAN', '2IA07', '2016'),
('51416807', 'DENI AFRIANSYAH', '2IA03', '2016'),
('51416812', 'DENI RAMDHANI PUTRA', '2IA16', '2016'),
('51416815', 'DENILSON', '2IA03', '2016'),
('51416825', 'DENNY CHANDITYA MAHENDRA', '2IA02', '2016'),
('51416834', 'DESI FIBRIANTI SUNARDI', '2IA04', '2016'),
('51416869', 'DEVI', '2IA03', '2016'),
('51416888', 'DEVYTANIA GINAVALENSKY WI', '2IA10', '2016'),
('51416915', 'DHANNA RIYANTKA PUTRA', '2IA16', '2016'),
('51416932', 'DHEO ABDUL AZIZ', '2IA09', '2016'),
('51416933', 'DHEO PRASETYO NUGROHO', '2IA01', '2016'),
('51416998', 'DICKY RADITYA MAULANA', '2IA17', '2016'),
('52411900', 'FIRMANDA ARIEF', '4IA10', '2014'),
('52412476', 'ELVIN ARIEF MAULANA', '4IA08', '2014'),
('52412600', 'FACHRIL SALAM RAHANTAN', '4IA17', '2014'),
('52413501', 'DIMAS MAULANA LUTHFIANSYA', '4IA11', '2014'),
('52414012', 'BAGUS WIJAYANA', '4IA16', '2014'),
('52414022', 'BAMBANG ISNANTO', '4IA15', '2014'),
('52414023', 'BAMBANG PRAYOGO', '4IA02', '2014'),
('52414047', 'BAYU ABDUL HAFIZH', '4IA03', '2014'),
('52414048', 'BAYU ADJI WICAKSONO', '4IA07', '2014'),
('52414063', 'BAYU HERNAWAN WICAKSONO', '4IA09', '2014'),
('52414089', 'BAYU YUNIANTO PABISA', '4IA09', '2014'),
('52414094', 'BEBY RIDHA SOLEHA', '4IA06', '2014'),
('52414134', 'BENTAR ADHITYAJAYA PANGES', '4IA12', '2014'),
('52414138', 'BERLIANTO FERDYNAND PONGB', '4IA12', '2014'),
('52414146', 'BERTIMIRA LESTARI', '4IA03', '2014'),
('52414194', 'BIMO TRIHATMOJO', '4IA13', '2014'),
('52414202', 'BISMA DWIKI ANANDA TOMY', '4IA10', '2014'),
('52414230', 'BUDI LAKSANA', '4IA03', '2014'),
('52414241', 'BUDIMAN ABDUL AZIZ', '4IA10', '2014'),
('52414254', 'BURHANUDDIN ROBBANI MUSLI', '4IA10', '2014'),
('52414275', 'CANDRA ADI NUGRAHA', '4IA06', '2014'),
('52414296', 'CECEP SUPRAYOGI', '4IA06', '2014'),
('52414298', 'CEISARDO GABE', '4IA07', '2014'),
('52414319', 'CHAIRUNNISAA', '4IA04', '2014'),
('52414321', 'CHAMELY AGUSTIA', '4IA13', '2014'),
('52414336', 'CHARLES SETIADI CHANDRA', '4IA16', '2014'),
('52414349', 'CHINARA ABIGAIL HELEN', '4IA11', '2014'),
('52414357', 'CHINTIA INDAH PRATIWI', '4IA14', '2014'),
('52414358', 'CHINTIA J.H SIAGIAN', '4IA07', '2014'),
('52414373', 'CHRIS TANTIONO', '4IA15', '2014'),
('52414375', 'CHRISCEL NOVIAN', '4IA01', '2014'),
('52414379', 'CHRISTIAN', '4IA01', '2014'),
('52414411', 'CINCIN FARAH OKTIRANANI', '4IA04', '2014'),
('52414424', 'CINTYA DEVI', '4IA11', '2014'),
('52414454', 'CLARYSHA GRACEYA TATIPIKA', '4IA08', '2014'),
('52414474', 'CYNTHIA MANURUNG', '4IA08', '2014'),
('52414479', 'DADANG PARMONANGAN SIMANG', '4IA09', '2014'),
('52414480', 'DAEROBY', '4IA16', '2014'),
('52414499', 'DANANG WIRAPRATOMO', '4IA14', '2014'),
('52414508', 'DANIA APRILLY', '4IA14', '2014'),
('52414522', 'DANIEL RULIANT', '4IA07', '2014'),
('52414523', 'DANIEL STEFAN', '4IA16', '2014'),
('52414524', 'DANIELLA MARSHA', '4IA01', '2014'),
('52414531', 'DANTY NURACHMAH SISWANTO', '4IA09', '2014'),
('52414549', 'DARRISTYA DEWI', '4IA04', '2014'),
('52414551', 'DARU ISKAMIL MAULA', '4IA13', '2014'),
('52414560', 'DAVID CORNELIUS TOWOLIU', '4IA01', '2014'),
('52414626', 'DEDEN DIKI SEPTIANA', '4IA17', '2014'),
('52414641', 'DEFIYANTO PUTRA DIPO', '4IA09', '2014'),
('52414679', 'DENDRA', '4IA14', '2014'),
('52414694', 'DENI MARDIANA', '4IA01', '2014'),
('52414708', 'DENNY ADITYA P', '4IA01', '2014'),
('52414717', 'DENY ACHMAD SATRIO', '4IA16', '2014'),
('52414758', 'DESI WINDIANA L', '4IA17', '2014'),
('52414804', 'DESY RATNA W', '4IA17', '2014'),
('52414809', 'DETERDAS D', '4IA07', '2014'),
('52414848', 'DEVINTO SAVA SHAN', '4IA03', '2014'),
('52414883', 'DEWI RAFAYANTI FAUZIYYAH', '4IA09', '2014'),
('52414926', 'DHESTA MEY INTAKHIYA', '4IA03', '2014'),
('52415010', 'DOHA APRIANA', '3IA11', '2015'),
('52415023', 'DUHITA PRADIPTA MANOHARA', '3IA14', '2015'),
('52415048', 'DWI NUGROHO', '3IA16', '2015'),
('52415068', 'DWI UTOMO WICAKSONO', '3IA12', '2015'),
('52415070', 'DWI YUDHAMORA TAMPUBOLON', '3IA10', '2015'),
('52415079', 'DWINANTO SATRIO UTOMO', '3IA01', '2015'),
('52415098', 'DZAKY RAFID RESIHANTO', '3IA02', '2015'),
('52415099', 'DZAKY TRISNA JUNAIDI', '3IA11', '2015'),
('52415107', 'EDUARDUS NICO', '3IA01', '2015'),
('52415120', 'EGA PRASETIANTI', '3IA01', '2015'),
('52415126', 'EGI FAISAL TANJUNG', '3IA16', '2015'),
('52415145', 'EKA WIJAYA', '3IA13', '2015'),
('52415163', 'ELA SOFIA HADIATY', '3IA14', '2015'),
('52415235', 'ERIC FRANDIKA', '3IA02', '2015'),
('52415236', 'ERIC KURNIAWAN', '3IA12', '2015'),
('52415237', 'ERIC LAURENS', '3IA08', '2015'),
('52415239', 'ERICK ENDRIYAN PRATAMA', '3IA13', '2015'),
('52415241', 'ERICKSON', '3IA01', '2015'),
('52415247', 'ERIN YOANITA', '3IA02', '2015'),
('52415262', 'ERRA ANGGI HASIAN CAROLIN', '3IA13', '2015'),
('52415267', 'ERSYA DHARMAWAN', '3IA16', '2015'),
('52415313', 'EZHA ICHSAN RAMADHAN', '3IA11', '2015'),
('52415323', 'FACHRI HIDAYAT', '3IA15', '2015'),
('52415328', 'FACHRI REZA SETIADIPUTRA', '3IA09', '2015'),
('52415341', 'FADHIL RAFII RABBANI', '3IA13', '2015'),
('52415370', 'FAHMI AZHARI MASLOMAN', '3IA15', '2015'),
('52415391', 'FAHRUL ANDRIAN', '3IA05', '2015'),
('52415393', 'FAHRUL HANIFAN ABDULLAH', '3IA11', '2015'),
('52415394', 'FAHTUL ABD RAHMAN', '3IA16', '2015'),
('52415397', 'FAIRUZ RAFIDA', '3IA12', '2015'),
('52415404', 'FAISAL GHIFARI', '3IA10', '2015'),
('52415410', 'FAISAL ZAKI MUBAROK', '3IA05', '2015'),
('52415420', 'FAIZAL RACHMAN AULIA', '3IA09', '2015'),
('52415428', 'FAJAR DIRGA NUGRAHA', '3IA16', '2015'),
('52415430', 'FAJAR ISMAIL W', '3IA02', '2015'),
('52415431', 'FAJAR LATIEF', '3IA09', '2015'),
('52415433', 'FAJAR MUHAMMAD SIDIQ', '3IA04', '2015'),
('52415437', 'FAJAR RAMADHAN SYAHRIAL', '3IA16', '2015'),
('52415440', 'FAJAR SEPDIANNICHA PUTRA', '3IA04', '2015'),
('52415442', 'FAJAR SURYO PUTRO', '3IA03', '2015'),
('52415447', 'FAJRI NOOR SYARIF', '3IA14', '2015'),
('52415448', 'FAJRI NOVIANDRI', '3IA14', '2015'),
('52415455', 'FAKHRI YUDA RABBANI', '3IA01', '2015'),
('52415469', 'FANTIO ISDEO MARGONO', '3IA14', '2015'),
('52415471', 'FARADILLA MAHARDI', '3IA15', '2015'),
('52415472', 'FARADILLAH JAUHARAH ZULKA', '3IA14', '2015'),
('52415477', 'FARAH CAMILLA', '3IA01', '2015'),
('52415494', 'FAREL FATHURRAHMAN', '3IA12', '2015'),
('52415503', 'FARHAN HAMDI BAHFEN', '3IA07', '2015'),
('52415535', 'FARRASTA KHOIRUNNAS SAUM', '3IA10', '2015'),
('52415553', 'FATTAH EMIR YANUAR', '3IA05', '2015'),
('52415557', 'FATURRAHMAN', '3IA12', '2015'),
('52415569', 'FAUZI SETIAWAN', '3IA04', '2015'),
('52415571', 'FAUZI ZUHDI HIDAYAT', '3IA06', '2015'),
('52415625', 'FERDY CIPUTRA', '3IA10', '2015'),
('52415645', 'FERY PRATAMA', '3IA05', '2015'),
('52415665', 'FIKRA RACHMANIA', '3IA13', '2015'),
('52415667', 'FIKRI AKBAR', '3IA14', '2015'),
('52415684', 'FILAXIS BONA PRIYADI', '3IA04', '2015'),
('52415711', 'FIRLIAN UGROSENO', '3IA06', '2015'),
('52415717', 'FIRMAN AJI PRASETYO', '3IA11', '2015'),
('52415761', 'FLORENCIA IRENA', '3IA15', '2015'),
('52415774', 'FRANSISKUS GREGORIUS MACK', '3IA10', '2015'),
('52415778', 'FREDIKA BUDI ROMADHONA', '3IA03', '2015'),
('52415799', 'GABRIAL KEMBONG BATARA RA', '3IA16', '2015'),
('52415806', 'GALANG HERDYAN PERMANA', '3IA09', '2015'),
('52415809', 'GALANG RON SUBROTO', '3IA02', '2015'),
('52415811', 'GALIH ARDIADJI JAYADI P', '3IA15', '2015'),
('52415813', 'GALIH NUR KHALIS KASYFI', '3IA11', '2015'),
('52415815', 'GALIH PRAKOSO', '3IA12', '2015'),
('52415820', 'GALLAN ANDHIKA PRASETYA', '3IA05', '2015'),
('52415826', 'GAMAL ABD NASER ALKATIRI', '3IA02', '2015'),
('52415872', 'GHEMA AKBAR FARADHI', '3IA03', '2015'),
('52415878', 'GHINA GUNARIA PUTRI', '3IA05', '2015'),
('52415933', 'GIVALDO NOVEL', '3IA17', '2015'),
('52415934', 'GIVENTRIS JEREMIA', '3IA06', '2015'),
('52415937', 'GORDON GEKKO', '3IA04', '2015'),
('52415940', 'GOVINDO GOGI KUMALA', '3IA11', '2015'),
('52415942', 'GRACE SONDANG MELINDA SIR', '3IA01', '2015'),
('52415953', 'GUNTUR ADIL ABDINEGORO', '3IA14', '2015'),
('52415955', 'GUNTUR JUNIOR HARAHAP', '3IA06', '2015'),
('52415959', 'GUSTI ALFAHMI ANWAR', '3IA07', '2015'),
('52415961', 'GUSTI BAYU KHAMDI AJIE', '3IA14', '2015'),
('52415975', 'HADI SETIAWAN', '3IA12', '2015'),
('52415979', 'HAEKHAL MOCH DHIA ULHAQ', '3IA13', '2015'),
('52415984', 'HAFIDZ AMRULLOH', '3IA10', '2015'),
('52415994', 'HAFIZ ZURRAHMAN', '3IA15', '2015'),
('52415996', 'HAFIZH RAISTYHADI', '3IA13', '2015'),
('52416013', 'DIKY ELLYAND DASRIL', '2IA15', '2016'),
('52416019', 'DIMA SYAUQI NH', '2IA17', '2016'),
('52416044', 'DIMAS GUMELAR SEPTIANUGRA', '2IA15', '2016'),
('52416045', 'DIMAS HAFIZH MULYONO', '2IA15', '2016'),
('52416056', 'DIMAS PRASETYO', '2IA15', '2016'),
('52416125', 'DION KELVIN KIGEN S', '2IA04', '2016'),
('52416135', 'DIRHAM KASTORO', '2IA03', '2016'),
('52416144', 'DITO MAHENDRA PUTRA', '2IA10', '2016'),
('52416155', 'DODY PERMANA', '2IA05', '2016'),
('52416169', 'DORRY KAHAR', '2IA16', '2016'),
('52416173', 'DWI AGUNG WIBAWA', '2IA10', '2016'),
('52416198', 'DWI PRIO GUNAWAN', '2IA06', '2016'),
('52416245', 'ECHA TIRAYANA CASWANA', '2IA03', '2016'),
('52416246', 'EDCHA SYAOQI JAZULI', '2IA01', '2016'),
('52416249', 'EDMUNDO ALEXANDER SAPUTRO', '2IA06', '2016'),
('52416253', 'EDWAN RENALDI SAPUTRA', '2IA04', '2016'),
('52416267', 'EIRENE CEREN HUTAURUK', '2IA02', '2016'),
('52416278', 'EKA SETIANINGSIH', '2IA01', '2016'),
('52416320', 'ELSAN KURNIADI', '2IA17', '2016'),
('52416335', 'ENDANG PURNAMA ALAM', '2IA10', '2016'),
('52416343', 'ENRICO TUAHTA', '2IA15', '2016'),
('52416353', 'ERICK DAMORA', '2IA09', '2016'),
('52416357', 'ERICO', '2IA08', '2016'),
('52416369', 'ERLANGGA RIZKY', '2IA14', '2016'),
('52416372', 'ERMA DIANTI MANULLANG', '2IA09', '2016'),
('52416375', 'ERNAWATI', '2IA10', '2016'),
('52416376', 'EROS SMARAJAYA BUWONO', '2IA01', '2016'),
('52416402', 'EUNIKE KAMASE ELISABETH', '2IA01', '2016'),
('52416410', 'EVANGEL NATHASYA KIRANA', '2IA08', '2016'),
('52416416', 'EZA FEBRIAN', '2IA13', '2016'),
('52416425', 'FACHRI AKMAL KAUTHAR', '2IA14', '2016'),
('52416432', 'FACHRIZALDI WAHYUDI', '2IA08', '2016'),
('52416448', 'FADHILAH ADITYA ACHMAD', '2IA07', '2016'),
('52416450', 'FADHLI ARDIANSYAH A', '2IA11', '2016'),
('52416461', 'FADLAN HIDAYATULLOH', '2IA05', '2016'),
('52416472', 'FAHLEFI ACHMAD', '2IA07', '2016'),
('52416483', 'FAHMI JAMALUDIN MASUD', '2IA01', '2016'),
('52416485', 'FAHMI MUMTAAZ', '2IA04', '2016'),
('52416495', 'FAHRI CHAERUL FAJRI', '2IA08', '2016'),
('52416502', 'FAIQ ZIGO FANANIE', '2IA01', '2016'),
('52416505', 'FAIRUZ AYASHA SUKMA', '2IA02', '2016'),
('52416512', 'ANANDA PHYLIA INDIRA P', '2IA04', '2016'),
('52416525', 'FAISAL YUDHA SETIAWAN', '2IA15', '2016'),
('52416529', 'FAISHAL SHABIR H', '2IA05', '2016'),
('52416531', 'FAIZ KURNIAWAN', '2IA17', '2016'),
('52416534', 'FAIZA ANBAR SUKMAWATI MUL', '2IA11', '2016'),
('52416537', 'FAIZAL ARI SUDEWO', '2IA10', '2016'),
('52416554', 'FAJAR HARIYANTO', '2IA16', '2016'),
('52416557', 'FAJAR KURNIAWAN', '2IA09', '2016'),
('52416560', 'FAJAR MUSTAFA HASTI', '2IA04', '2016'),
('52416566', 'FAJAR SATRIATNA', '2IA01', '2016'),
('52416569', 'FAJAR WIRANGGA', '2IA09', '2016'),
('52416582', 'FAKHRI MAULANA MAHENDRA', '2IA08', '2016'),
('52416651', 'FARHAN IRSHADI', '2IA17', '2016'),
('52416658', 'FARHAN TAUFIK HIDAYAT', '2IA15', '2016'),
('52416672', 'FARIS RAKIN SYAFIQ R', '2IA04', '2016'),
('52416676', 'FARISHA IRWAYU', '2IA01', '2016'),
('52416690', 'FATHIYAH HILYAH AMANY', '2IA01', '2016'),
('52416702', 'FATTAH DARMASATYADI', '2IA01', '2016'),
('52416703', 'FATTAH RIZKI ATMAJI', '2IA13', '2016'),
('52416704', 'FATTAH ZEIN', '2IA14', '2016'),
('52416724', 'FAUZAN YAFIE MUYASSAR', '2IA07', '2016'),
('52416730', 'FAUZIAH AULIA', '2IA16', '2016'),
('52416745', 'FEBRI ANDIKA', '2IA06', '2016'),
('52416769', 'FEISAL WIRAPRADJA SANUSI', '2IA02', '2016'),
('52416786', 'FERDI RIZKY RAMADHAN', '2IA06', '2016'),
('52416800', 'FERNANDO SIMANJORANG', '2IA13', '2016'),
('52416819', 'FIGA RIZFA ZAZILA', '2IA14', '2016'),
('52416837', 'FIKRY EMIRUL MUKMININ', '2IA10', '2016'),
('52416847', 'FIQRI FAHRIZAL IBRAHIM', '2IA08', '2016'),
('52416855', 'FIRDA DAFFA UTAMI', '2IA03', '2016'),
('52416867', 'FIRDHA NURUL AMALIA', '2IA02', '2016'),
('52416875', 'FIRMAN ILHAM LAKSANA', '2IA11', '2016'),
('52416917', 'FREDERICK CONSTANTINUS', '2IA16', '2016'),
('52416928', 'FRYAN ANGGARA S', '2IA07', '2016'),
('52416946', 'GAGAS BARRI SANDIKA', '2IA11', '2016'),
('52416953', 'GALAR CAHYA MARANTHI', '2IA11', '2016'),
('52416971', 'GAMMA SULISTYAWAN', '2IA11', '2016'),
('52416993', 'GEMA THAREQ ABDAT', '2IA02', '2016'),
('53411471', 'IGNATIUS OSWALDO SALASSA', '4IA08', '2014'),
('53411642', 'INTAN KUSUMAWARDANY', '4IA09', '2014'),
('53412233', 'HADYAN RASYIDY', '4IA04', '2014'),
('53412492', 'HISYAM MUFID', '4IA17', '2014'),
('53414024', 'DIAR SAVITRI RAMADHANTY', '4IA03', '2014'),
('53414040', 'DICKY DWI DARMAWAN', '4IA16', '2014'),
('53414056', 'DIDA ADAMS ARIZONA', '4IA13', '2014'),
('53414066', 'DIENDA NADIA SALSABIELA', '4IA08', '2014'),
('53414093', 'DIMAS BAYU PANGESTU', '4IA14', '2014'),
('53414147', 'DINAR AJENG KUNTARI', '4IA03', '2014'),
('53414161', 'DINDA DESITA WIMANANDA', '4IA17', '2014'),
('53414202', 'DISTY NADIATUL ULFAH', '4IA04', '2014'),
('53414209', 'DITA PRADISTYA', '4IA17', '2014'),
('53414230', 'DODI PRIYANTO', '4IA11', '2014'),
('53414253', 'DONY PHAHREZA TANJUNG', '4IA03', '2014'),
('53414281', 'DWI CAESSAR CAHYO S.', '4IA13', '2014'),
('53414299', 'DWI LESTARI RATULOLY', '4IA02', '2014'),
('53414339', 'DWIKI BAGAS RAHMANDIKA', '4IA02', '2014'),
('53414342', 'DWIKI FIRMANSYAH', '4IA11', '2014'),
('53414395', 'EDO FIRMANSYAH', '4IA11', '2014'),
('53414426', 'EKA LEONARD SIANIPAR', '4IA04', '2014'),
('53414435', 'EKA PUSPA SARI', '4IA10', '2014'),
('53414456', 'EKO BAYU SEJATI', '4IA15', '2014'),
('53414471', 'EKO SAPUTRA', '4IA15', '2014'),
('53414507', 'ELITA PERMATA EDWINA', '4IA16', '2014'),
('53414559', 'EMIRZA MAHENDRA', '4IA01', '2014'),
('53414573', 'ENDAR RAMA DESTIYANTO', '4IA17', '2014'),
('53414603', 'ERICO STANLEY HUTAMA JEIR', '4IA10', '2014'),
('53414614', 'ERITRO MIO PRIYADI', '4IA17', '2014'),
('53414618', 'ERLANDIKA RENALDI', '4IA15', '2014'),
('53414630', 'ERLITA MASGIYANTI', '4IA13', '2014'),
('53414654', 'ERY FEBRIANTO', '4IA04', '2014'),
('53414656', 'ESA AMALIA MAHARDHANI', '4IA04', '2014'),
('53414684', 'EVAN NADA VIRGIAWAN', '4IA10', '2014'),
('53414706', 'EZRA GABRIEL POLUAN', '4IA04', '2014'),
('53414724', 'FACHRUL FANDI WIRADHIKA', '4IA17', '2014'),
('53414752', 'FADHLAN CIPTA N', '4IA02', '2014'),
('53414753', 'FADHLURROHMAN', '4IA04', '2014'),
('53414782', 'FAHMI KURNIAWAN', '4IA09', '2014'),
('53414785', 'FAHMI RIFLI PRADANA', '4IA15', '2014'),
('53414798', 'FAHRIZAL FIKRI', '4IA04', '2014'),
('53414804', 'FAHRUR RAHMAN CHERMAWAN', '4IA17', '2014'),
('53414809', 'FAISAL ALBANA TONAZIZ', '4IA02', '2014'),
('53414810', 'FAISAL AMIRUL FIRDAUS', '4IA10', '2014'),
('53414811', 'FAISAL ARKAN', '4IA08', '2014'),
('53414824', 'FAISSY GRATTY JENIFER RAT', '4IA06', '2014'),
('53414828', 'FAIZ DHIA FIKRILAH', '4IA11', '2014'),
('53414885', 'FAJAR SUDRAJAT', '4IA04', '2014'),
('53414886', 'FAJAR SUKMA', '4IA01', '2014'),
('53414889', 'FAJAR TRI SUHADI', '4IA12', '2014'),
('53414892', 'FAJRI YUSUF', '4IA10', '2014'),
('53414901', 'FAKHRI MAHDI MUHAMMAD', '4IA13', '2014'),
('53414902', 'FAKHRI RIANDI RAFIF', '4IA09', '2014'),
('53414920', 'FANNY KUSUMA PUTRI', '4IA04', '2014'),
('53414937', 'FARAH MAULIA JASMINE', '4IA15', '2014'),
('53414941', 'FARAND AUSTEN MAHESA', '4IA06', '2014'),
('53414950', 'FARHAN ALFARISI', '4IA01', '2014'),
('53414951', 'FARHAN AULIA NOVANKA', '4IA02', '2014'),
('53414954', 'FARHAN FACHRURROZI', '4IA13', '2014'),
('53414963', 'FARHAN SUDRAJAT', '4IA02', '2014'),
('53414985', 'FARIS AFIF FATHIN', '4IA17', '2014'),
('53414987', 'FARIS HADYAN RINALDI', '4IA02', '2014'),
('53415002', 'HAIKAL MUHARRABI', '3IA03', '2015'),
('53415017', 'HANDI SUBARKAH', '3IA09', '2015'),
('53415018', 'HANDRIK GUNAWAN', '3IA07', '2015'),
('53415019', 'HANDY REYPIYANDIKA MOECHT', '3IA06', '2015'),
('53415031', 'HANIFA RAFADHILLA', '3IA12', '2015'),
('53415032', 'HANIFAH AFFAN', '3IA08', '2015'),
('53415033', 'HANIFAH NUR RAMADHAN', '3IA04', '2015'),
('53415040', 'HANISSA EVELYNE ERIDANI', '3IA04', '2015'),
('53415054', 'HARI SALEH', '3IA03', '2015'),
('53415088', 'HAURA SANUSI', '3IA01', '2015'),
('53415089', 'HAVEL ASAAD GERALDINE', '3IA03', '2015'),
('53415092', 'HAYRA MUJISAPUTRO', '3IA12', '2015'),
('53415107', 'HELMY SEKTI SUBEN', '3IA05', '2015'),
('53415114', 'HENDRAWAN FERNANDO SIANTU', '3IA13', '2015'),
('53415118', 'HENDRY BATARA', '3IA07', '2015'),
('53415128', 'HENRYO MURTI PAHLAWI', '3IA03', '2015'),
('53415148', 'HERY APRIANSYAH', '3IA06', '2015'),
('53415196', 'I KM ANANDA WIJAYA SUNGGR', '3IA13', '2015'),
('53415202', 'I PUTU AGUS NOPA ALDI PUT', '3IA03', '2015'),
('53415232', 'IDRIS MADYASTO', '3IA03', '2015'),
('53415235', 'IGAL LIFTARINGGA', '3IA03', '2015'),
('53415247', 'IKFIAGRA MIKANANTA TOHA', '3IA08', '2015'),
('53415277', 'ILHAM HADIPRASETYO', '3IA13', '2015'),
('53415290', 'ILHAM WAHYUDIN', '3IA03', '2015'),
('53415300', 'IMAM FACHRIZALDI CHALDUN', '3IA12', '2015'),
('53415301', 'IMAM FEBI SATRIO', '3IA07', '2015'),
('53415302', 'IMAM HIDAYAT', '3IA08', '2015'),
('53415310', 'IMAN RAIS JULYAWAN GALUH', '3IA15', '2015'),
('53415313', 'IMANUEL SEPRINTA GINTING', '3IA07', '2015'),
('53415323', 'IMROATUL INAYAH', '3IA01', '2015'),
('53415337', 'INDAH MAULINA', '3IA02', '2015'),
('53415362', 'INDRA SAPUTRA', '3IA12', '2015'),
('53415373', 'INDRIANA KARISTIAWATI', '3IA01', '2015'),
('53415402', 'IQBAL AVIOTAMA SETIAWANTO', '3IA08', '2015'),
('53415410', 'IQBAL ZARKASY ADIATMA', '3IA02', '2015'),
('53415434', 'IRFAN RIVALDI', '3IA03', '2015'),
('53415436', 'IRFAN SABDHO MUSTHOFA', '3IA03', '2015'),
('53415451', 'IRSYHA FADZRYZAH', '3IA15', '2015'),
('53415494', 'ISYANIA FARAHANI WASKITO', '3IA01', '2015'),
('53415505', 'IVANA MANURUN DAWENAN', '3IA09', '2015'),
('53415516', 'JAG ERDANI BHAYANG PRATAM', '3IA17', '2015'),
('53415523', 'JAMALUDIN', '3IA17', '2015'),
('53415530', 'JASMINE ATHIRA', '3IA16', '2015'),
('53415547', 'JEKO PURNAMA PUTRA', '3IA04', '2015'),
('53415557', 'JESIKA ANSELLA N. BR. SIM', '3IA15', '2015'),
('53415559', 'JHANIS CAHYO RACHMANTO', '3IA12', '2015'),
('53415588', 'JONATAN REVITO ALDI MANUR', '3IA09', '2015'),
('53415590', 'JONATHAN CHARLOS ROBERTHO', '3IA12', '2015'),
('53415591', 'JONATHAN MEAT TUA SINAGA', '3IA05', '2015'),
('53415614', 'JOYKINDY CLEVER PANGEMANA', '3IA08', '2015'),
('53415615', 'JUAN VALERIAN DELIMA', '3IA08', '2015'),
('53415631', 'JULIUS LEONARDO', '3IA07', '2015'),
('53415632', 'JUNAEDI', '3IA17', '2015'),
('53415643', 'KAHFI FAZRIN', '3IA07', '2015'),
('53415653', 'KANIA SAFRIANI', '3IA09', '2015'),
('53415685', 'KETUT SUKE YANE', '3IA09', '2015'),
('53415686', 'KEVIN ADITYA SADEWO', '3IA17', '2015'),
('53415696', 'KEVIN FERNANDA RISAF', '3IA12', '2015'),
('53415697', 'KEVIN GUSTI ARSWENDY', '3IA04', '2015'),
('53415700', 'KEVIN KAMALUDDIN', '3IA15', '2015'),
('53415702', 'KEVIN RAHARDJA', '3IA16', '2015'),
('53415749', 'KRIS CAHYO SUPRIYANTO', '3IA07', '2015'),
('53415750', 'KRISAN ALIFARI', '3IA01', '2015'),
('53415761', 'KURNIA BINTANG CAHYADI AB', '3IA14', '2015'),
('53415786', 'LARAS NISRINA WIDOYOKO', '3IA01', '2015'),
('53415814', 'LETARE DEO YAKOBUS POLITO', '3IA11', '2015'),
('53415861', 'LOVI ADE PRATAMA', '3IA05', '2015'),
('53415886', 'LUQMANAJIPRATAMA', '3IA09', '2015'),
('53415919', 'M FADEL MAULANA', '3IA01', '2015'),
('53415926', 'M FATHI FADHILLAH', '3IA14', '2015'),
('53415932', 'M JALAWISESA HANANTASENA', '3IA04', '2015'),
('53415943', 'M RIDWAN MIFTAHUL HAYAT', '3IA07', '2015'),
('53415953', 'M. BAGINDA ISFA PULUNGAN', '3IA01', '2015'),
('53415961', 'M. LUTHFAN GHIFARI', '3IA03', '2015'),
('53415962', 'M. MASUM BILHAQQI', '3IA12', '2015'),
('53415971', 'MUHAMMAD GANEF RIZMAWAN', '3IA08', '2015'),
('53415973', 'M.YUSUF', '3IA09', '2015'),
('53415977', 'MADE CHANDRA KUSUMA W', '3IA13', '2015'),
('53416007', 'GERICK ADI LIONEL', '2IA17', '2016'),
('53416011', 'GHALIB FATHURRAHMAN', '2IA12', '2016'),
('53416013', 'GHAZA TRY ISBULLAH', '2IA14', '2016'),
('53416016', 'GHERALDO ERSANDI', '2IA16', '2016'),
('53416019', 'GHIFARI PRAMESWARI NATAKU', '2IA07', '2016'),
('53416025', 'GHOZI FATTAH ALLAUDDIN', '2IA14', '2016'),
('53416030', 'GIAN VIONA NATASIA IRDIAN', '2IA16', '2016'),
('53416032', 'GIANZOLA SEGOVIA BENDEDE', '2IA03', '2016'),
('53416071', 'GITA MUTIARA ISLAMI', '2IA17', '2016'),
('53416082', 'GOGOT PANJI NEGARA', '2IA17', '2016'),
('53416094', 'GREGORIUS SONNIE', '2IA07', '2016'),
('53416103', 'GUNTUR CAHYADI', '2IA15', '2016'),
('53416108', 'GUSTI ADHI PRATAMA', '2IA02', '2016'),
('53416109', 'GUSTI BAYU ANANTA', '2IA04', '2016'),
('53416111', 'GUSTO FACHROZAN CHATAMI', '2IA13', '2016'),
('53416120', 'HADI MUHAMMAD ZAKY', '2IA13', '2016'),
('53416162', 'HALFI RAKATAMA NURMALAZI', '2IA08', '2016'),
('53416171', 'HANA PRISCILLA', '2IA06', '2016'),
('53416182', 'HANDRI YONATHAN', '2IA16', '2016'),
('53416183', 'HANGGARINI AYU PRATIWI', '2IA16', '2016'),
('53416184', 'HANGGIE PUTRA BINTANG SIR', '2IA13', '2016'),
('53416198', 'HANIFUL IHSAN', '2IA06', '2016'),
('53416238', 'HASBY AL QADRI', '2IA15', '2016'),
('53416241', 'HASNADHIA RAUFANI', '2IA01', '2016'),
('53416242', 'HASSEL RIZKY CAESARIO', '2IA12', '2016'),
('53416247', 'HAWA AMALIA POETRI', '2IA14', '2016'),
('53416249', 'HAYATUL FIKRI', '2IA05', '2016'),
('53416253', 'HEART PARASIAN PR Z', '2IA13', '2016'),
('53416254', 'HEDYANA PRATIWI', '2IA03', '2016'),
('53416264', 'HENDRA ALIFIYANTO', '2IA14', '2016'),
('53416265', 'HENDRA YUSTIAWAN', '2IA10', '2016'),
('53416269', 'HENDRIKUS MURYANTO GATUM', '2IA05', '2016'),
('53416274', 'HENOKH EIKEL SURANTA B.', '2IA17', '2016'),
('53416275', 'HENRI ANUGERAH ILAHI', '2IA11', '2016'),
('53416278', 'HERDI SUSANTO', '2IA01', '2016'),
('53416294', 'HERO RAMADHAN', '2IA04', '2016'),
('53416303', 'HILAL CAHYO', '2IA10', '2016'),
('53416305', 'HILDA AULIA', '2IA04', '2016'),
('53416331', 'HUTOMO TRY WIBOWO', '2IA01', '2016'),
('53416343', 'I WAYAN KRISHNA DHARMA BA', '2IA01', '2016'),
('53416350', 'IBNU ADI NUGROHO', '2IA15', '2016'),
('53416351', 'IBNU ALDI HAMSYAH', '2IA05', '2016'),
('53416352', 'IBNU FADILAH PANGESTU', '2IA15', '2016'),
('53416359', 'IBRAHIM DAUD SYAHDAN', '2IA06', '2016'),
('53416362', 'ICHSAN DEVANDRA H', '2IA13', '2016'),
('53416403', 'IKHSANDI FIDI AP', '2IA12', '2016'),
('53416415', 'ILHAM AKBAR GHIFARI', '2IA10', '2016'),
('53416424', 'ILHAM HARIS', '2IA03', '2016'),
('53416432', 'ILHAM NOOR HABIBIE', '2IA07', '2016'),
('53416456', 'IMAM BIL QISTHI', '2IA16', '2016'),
('53416459', 'IMAM FAISAL ALI', '2IA11', '2016'),
('53416504', 'INDRA DARMA FEBRIYADI', '2IA16', '2016'),
('53416535', 'INSAN WICAKSONO PRIANTO P', '2IA06', '2016'),
('53416561', 'IQBAL MAHFUDZI', '2IA07', '2016'),
('53416563', 'IQBAL NURFAIZI', '2IA02', '2016'),
('53416583', 'IRFAN NUR CAHYO KUNCORO', '2IA07', '2016'),
('53416599', 'IRVAN NOVRIANSYAH', '2IA16', '2016'),
('53416608', 'ISAGHRIB AZIZ PRAMONO', '2IA14', '2016'),
('53416635', 'IVAN GERRY PURBA', '2IA13', '2016'),
('53416636', 'IVAN HADIATNA', '2IA08', '2016'),
('53416648', 'IWANG NAUFAL', '2IA03', '2016'),
('53416654', 'IZHAL LADUNNI', '2IA17', '2016'),
('53416658', 'IZZUDDIN ROBBANI', '2IA01', '2016'),
('53416668', 'JAMALUDIN RAKHMAT FARKHAN', '2IA03', '2016'),
('53416682', 'JASON CHRISTIANO DEL PIER', '2IA17', '2016'),
('53416683', 'JAUHARI NISWANTARA SWID', '2IA16', '2016'),
('53416697', 'JEREMIA MORDECHAI SEPTIO', '2IA11', '2016'),
('53416699', 'JEREMY JORDAN SENDUK', '2IA13', '2016'),
('53416700', 'JEREMY MARIHOT TUA', '2IA15', '2016'),
('53416709', 'JESSE JEHEZKIEL', '2IA13', '2016'),
('53416715', 'JEVANIA BUKIT KARO SEKALI', '2IA12', '2016'),
('53416720', 'JIHAD', '2IA02', '2016'),
('53416735', 'JODHY BAYU RAMADHAN', '2IA08', '2016'),
('53416755', 'JOSEPH NATANAEL', '2IA02', '2016'),
('53416756', 'JOSEPH OCTAVIANUS NIRON', '2IA02', '2016'),
('53416759', 'JOSHUA FILBERT', '2IA02', '2016'),
('53416765', 'JOSIE LATIF', '2IA14', '2016'),
('53416767', 'JOSUA KRIST H', '2IA05', '2016'),
('53416771', 'JOURDAN PAULUS MANIK', '2IA15', '2016'),
('53416800', 'KAHFI GHIFARI', '2IA13', '2016'),
('53416803', 'KAL KAUSAR', '2IA01', '2016'),
('53416865', 'KEVIN KEANDRA IMANSYAH PU', '2IA02', '2016'),
('53416866', 'KEVIN OBERT RICHARDO', '2IA08', '2016'),
('53416870', 'KEVIN REYNALDO', '2IA15', '2016'),
('53416884', 'KHAIRA YUHARIFALLAH', '2IA14', '2016'),
('53416888', 'KHAIRUL IKHWAN', '2IA03', '2016'),
('53416896', 'KHARISMA ARIF HARDY', '2IA05', '2016'),
('53416964', 'KUNTI PUTRIGIRI SEKARNING', '2IA15', '2016'),
('54411986', 'MUHAMMAD SYAFIQ', '4IA17', '2014'),
('54412116', 'KRESNA BUDI PRASETYA', '4IA15', '2014'),
('54412290', 'LUTHFI ZULFIKAR', '4IA17', '2014'),
('54413056', 'HERDIAN ARAS', '4IA10', '2014'),
('54413214', 'IGNASIUS DILAN S', '4IA10', '2014'),
('54413834', 'KHARISMA DWI MULYONO', '4IA17', '2014'),
('54414002', 'FARIZ KANZI', '4IA04', '2014'),
('54414020', 'FATHIN AGUSETIAWAN', '4IA13', '2014'),
('54414067', 'FAUZAN KHALIF MASULILI', '4IA15', '2014'),
('54414074', 'FAUZI FATHURRAHMAN', '4IA08', '2014'),
('54414136', 'FEBRYANTO BUDIMAN', '4IA04', '2014'),
('54414156', 'FENTON MARTIN', '4IA01', '2014'),
('54414164', 'FERDINAN SIMON PASARIBU', '4IA17', '2014'),
('54414222', 'FIKRI ZULFAHMI', '4IA03', '2014'),
('54414229', 'FILA SUCI WURSIMA LA ADJI', '4IA04', '2014'),
('54414253', 'FIRDA AZMALIA', '4IA15', '2014'),
('54414272', 'FIRHAN MAHENDRA', '4IA09', '2014'),
('54414302', 'FIRZA', '4IA09', '2014'),
('54414305', 'FITHRIYYAH IZZAH ANNISA', '4IA06', '2014'),
('54414344', 'FITRIA SULISTIANI', '4IA02', '2014'),
('54414348', 'FITRIANI ERMARIKA DE', '4IA04', '2014'),
('54414386', 'FRENGKY ANGGIAT BENY S', '4IA09', '2014'),
('54414387', 'FRENKY CARDINAL PASARIBU', '4IA09', '2014'),
('54414397', 'FUAD AJI PRATOMO', '4IA01', '2014'),
('54414414', 'GABRIELLA OKTAVIANA', '4IA02', '2014'),
('54414422', 'GAGAH LANANG R', '4IA14', '2014'),
('54414436', 'GALIH DINAR MUSTOFA', '4IA17', '2014'),
('54414445', 'GALUH AGITA', '4IA07', '2014'),
('54414448', 'GALUH ARUM SEKARINI', '4IA07', '2014'),
('54414450', 'GALUH PAJAR PRATAMA', '4IA11', '2014'),
('54414455', 'GANANG SADEWO', '4IA11', '2014'),
('54414493', 'GERRY SETIAWAN', '4IA07', '2014'),
('54414495', 'GERRYALDO AULIA YUDHANTAR', '4IA15', '2014'),
('54414496', 'GERY DHIMASSETYO', '4IA11', '2014'),
('54414514', 'GHENDIS SEKARHENING', '4IA13', '2014'),
('54414518', 'GHIFARY ARHABIZHAFRAN YAS', '4IA04', '2014'),
('54414653', 'HADI NURANJAS SETIAWAN', '4IA02', '2014'),
('54414660', 'HADIRA SURANTO', '4IA07', '2014'),
('54414671', 'HAFIDZ HAQUE HARIADI', '4IA10', '2014'),
('54414676', 'HAFIZ ALGHIFARY', '4IA12', '2014'),
('54414716', 'HAMDA PRAYOGO', '4IA09', '2014'),
('54414720', 'HAMZAH MIFTAHUL HUDA', '4IA06', '2014'),
('54414742', 'HANDRI FIRDAUS', '4IA04', '2014'),
('54414744', 'HANDY CAHYADI', '4IA15', '2014'),
('54414801', 'HARIS MANAF', '4IA06', '2014'),
('54414807', 'HARIYANSYAH', '4IA11', '2014'),
('54414818', 'HARRY NUGROHO SUSETYO', '4IA16', '2014'),
('54414826', 'HARUN AL RASYID ABADI', '4IA04', '2014'),
('54414830', 'HARY RUSMAN PUTERA', '4IA12', '2014'),
('54414833', 'HARYO FAJAR BAGASKORO', '4IA04', '2014'),
('54414837', 'HASAN EL JABIR', '4IA01', '2014'),
('54414865', 'HEENA CHARLIN ANGGRAENI', '4IA06', '2014'),
('54414874', 'HELMI FADHIEL', '4IA04', '2014'),
('54414896', 'HENDRI SETIO PURWANTO', '4IA16', '2014'),
('54414905', 'HENDRO UTOMO', '4IA07', '2014'),
('54414911', 'HENGGAR TRI WIJAYANTO', '4IA10', '2014'),
('54414920', 'HENRY TRIA HADITYAS', '4IA11', '2014'),
('54414921', 'HENRY TRIANSA RAMBAKILA', '4IA15', '2014'),
('54414989', 'HILDA NUR FAUZIAH', '4IA08', '2014');
INSERT INTO `data_mahasiswa` (`npm`, `nama`, `kelas`, `angkatan`) VALUES
('54415008', 'MALVIN PRATAMA PUTRA', '3IA02', '2015'),
('54415017', 'MARD HARRIER ANUGERAH', '3IA05', '2015'),
('54415052', 'MARVIAN INDRA NOOR PRASTO', '3IA14', '2015'),
('54415070', 'MAULANA ISKANDAR', '3IA16', '2015'),
('54415071', 'MAULANA M YUSUF', '3IA06', '2015'),
('54415100', 'MEDIANA SARASWATI', '3IA01', '2015'),
('54415114', 'MEGI AGUNG SATRIA', '3IA03', '2015'),
('54415116', 'MEIDELIN SIPA P', '3IA13', '2015'),
('54415187', 'MIRLIANA NUR KHODIJAH', '3IA17', '2015'),
('54415199', 'MOAMER DEZAN KHADAFI', '3IA16', '2015'),
('54415207', 'MOCH. IRSAL ADITYA ALWAN', '3IA08', '2015'),
('54415225', 'MOCHAMAD YUSUP PUTRA', '3IA15', '2015'),
('54415251', 'MOHAMAD AKROMUDIN', '3IA02', '2015'),
('54415254', 'MOHAMAD ALIF RAMDANI', '3IA08', '2015'),
('54415260', 'MOHAMAD FIKRI SEPTIYONO', '3IA13', '2015'),
('54415269', 'MOHAMAD WUGI SEVAKA', '3IA08', '2015'),
('54415307', 'MONA AGNES YOLANDA', '3IA11', '2015'),
('54415319', 'MUAMMAR ADID PRABOWO', '3IA17', '2015'),
('54415342', 'MUHAJIR ASRUL', '3IA13', '2015'),
('54415347', 'MUHAMAD AGUS SUPRIYANTONO', '3IA13', '2015'),
('54415362', 'MUHAMAD DAUD VIRIAN', '3IA15', '2015'),
('54415396', 'MUHAMAD KAHFI KUSUMA', '3IA04', '2015'),
('54415407', 'MUHAMAD NURDIN', '3IA09', '2015'),
('54415412', 'MUHAMAD REZA FATIH', '3IA06', '2015'),
('54415421', 'MUHAMAD RIZKY FAUZI', '3IA10', '2015'),
('54415422', 'MUHAMAD RIZKY FAUZI', '3IA16', '2015'),
('54415440', 'MUHAMAD ZULFIKAR ALI', '3IA06', '2015'),
('54415444', 'MUHAMMAD', '3IA10', '2015'),
('54415450', 'MUHAMMAD ACHZA A E', '3IA15', '2015'),
('54415454', 'MUHAMMAD ADHIE NUGROHO', '3IA02', '2015'),
('54415474', 'MUHAMMAD AJI PRASETYO', '3IA14', '2015'),
('54415485', 'MUHAMMAD ALDI PUTRA PRATA', '3IA15', '2015'),
('54415489', 'MUHAMMAD ALFASHA PRATAMA', '3IA14', '2015'),
('54415490', 'MUHAMMAD ALFATH RAMADHANA', '3IA08', '2015'),
('54415491', 'MUHAMMAD ALFIAN', '3IA08', '2015'),
('54415494', 'MUHAMMAD ALIANDA', '3IA09', '2015'),
('54415499', 'MUHAMMAD AMRANSYAH', '3IA15', '2015'),
('54415508', 'MUHAMMAD ANUGRAH AWWAL RA', '3IA12', '2015'),
('54415514', 'MUHAMMAD ARIF RAHMAN HAKI', '3IA15', '2015'),
('54415516', 'MUHAMMAD ARIFUDDIN ALHAKI', '3IA17', '2015'),
('54415540', 'MUHAMMAD DIDI NUGROHO', '3IA04', '2015'),
('54415568', 'MUHAMMAD FAIZ SAYYAF', '3IA14', '2015'),
('54415577', 'MUHAMMAD FALAH', '3IA03', '2015'),
('54415582', 'MUHAMMAD FARHAN IBRAHIM', '3IA04', '2015'),
('54415586', 'MUHAMMAD FARIZ MAULANA', '3IA01', '2015'),
('54415597', 'MUHAMMAD FERIAL FAHLEVI', '3IA15', '2015'),
('54415601', 'MUHAMMAD FIKRIL FAHMI', '3IA17', '2015'),
('54415607', 'MUHAMMAD FIRMAN MAULANA', '3IA10', '2015'),
('54415613', 'MUHAMMAD GERALDHIA WIRAAT', '3IA08', '2015'),
('54415617', 'MUHAMAD GIFARI RAHMANI', '3IA02', '2015'),
('54415621', 'MUHAMMAD HAFIDZ PRATAMA R', '3IA05', '2015'),
('54415622', 'MUHAMMAD HAFIZ PRASETYO', '3IA04', '2015'),
('54415636', 'MUHAMMAD IDRIS DJAWAS', '3IA05', '2015'),
('54415639', 'MUHAMMAD IKBAL', '3IA17', '2015'),
('54415646', 'MUHAMMAD ILHAM KHOIRI MUS', '3IA09', '2015'),
('54415650', 'MUHAMMAD IMAM HAROMAIN', '3IA11', '2015'),
('54415678', 'MUHAMMAD KEN FAHRIZA ARYA', '3IA11', '2015'),
('54415682', 'MUHAMMAD KHASHAISH RABBAN', '3IA15', '2015'),
('54415687', 'MUHAMMAD KUSUMA DARMAWAN', '3IA02', '2015'),
('54415692', 'MUHAMMAD LUTHFI ARLINGGA', '3IA13', '2015'),
('54415703', 'MUHAMMAD NAUFAL ABDURRAHM', '3IA05', '2015'),
('54415705', 'MUHAMMAD NAUFAL LUTHFI', '3IA15', '2015'),
('54415706', 'MUHAMMAD NAUFAL RAFIF PUT', '3IA08', '2015'),
('54415708', 'MUHAMMAD NAUFALDI ISRADIA', '3IA16', '2015'),
('54415713', 'MUHAMMAD NUR IHSAN', '3IA07', '2015'),
('54415725', 'MUHAMMAD RAFIIQ B.', '3IA02', '2015'),
('54415726', 'MUHAMMAD RAIHAN ALBAB', '3IA17', '2015'),
('54415749', 'MUHAMMAD RIFKY ZAMZAMI', '3IA05', '2015'),
('54415759', 'MUHAMMAD RIZKI PUTRA B', '3IA09', '2015'),
('54415760', 'MUHAMMAD RIZKI R', '3IA10', '2015'),
('54415764', 'MUHAMMAD RIZKI ZULFIKAR', '3IA07', '2015'),
('54415765', 'MUHAMMAD RIZKY', '3IA10', '2015'),
('54415766', 'MUHAMMAD RIZKY', '3IA03', '2015'),
('54415769', 'MUHAMMAD RIZKY ROBBI AL S', '3IA16', '2015'),
('54415772', 'MUHAMMAD RIZQI ARIADI', '3IA09', '2015'),
('54415776', 'MUHAMMAD RIZQU N', '3IA13', '2015'),
('54415807', 'MUHAMMAD TAUFIQ FIRMANSYA', '3IA14', '2015'),
('54415820', 'MUHAMMAD WIHARTO', '3IA12', '2015'),
('54415823', 'MUHAMMAD YUNUS', '3IA01', '2015'),
('54415836', 'MUHAMMAD ZULKIFLI', '3IA16', '2015'),
('54415838', 'MUHARRIDIL MU''MININ', '3IA04', '2015'),
('54415839', 'MUHKLISIN', '3IA03', '2015'),
('54415856', 'MUTHIA EKA DYAH P', '3IA01', '2015'),
('54415870', 'MUTIARA SYIFA S', '3IA15', '2015'),
('54415875', 'NABIL JELANG ROMADHON', '3IA05', '2015'),
('54415878', 'NABILA AGDIANASTI SALLEHA', '3IA03', '2015'),
('54415889', 'NABILAH MAUDIYANTI', '3IA02', '2015'),
('54415893', 'NABILLA NURFADLIANA', '3IA07', '2015'),
('54415917', 'NADIA FIRLY', '3IA01', '2015'),
('54415922', 'NADIA SAFARAH', '3IA14', '2015'),
('54415935', 'NADYA AYU LESTARI', '3IA04', '2015'),
('54415945', 'NADYA PRAMESTI', '3IA13', '2015'),
('54415946', 'NADYA PUTRI EKANANDA', '3IA08', '2015'),
('54415957', 'NAGYAN YOSSE WIBISONO', '3IA08', '2015'),
('54415962', 'NALA CITTAMANIKAM', '3IA05', '2015'),
('54415997', 'NAUFAL AHMAD RIEFYAN', '3IA15', '2015'),
('54415998', 'NAUFAL AKHYAR', '3IA07', '2015'),
('54416008', 'LAURENSIA CLEVA ATHALIA Z', '2IA11', '2016'),
('54416009', 'LAURENSIUS NUSATRIO PAMUN', '2IA12', '2016'),
('54416047', 'LIFIA AMALIA RISMAYANTI', '2IA17', '2016'),
('54416067', 'LIO KEVIN SANTOSO', '2IA04', '2016'),
('54416119', 'LUNA COLOMBINI ADAM', '2IA01', '2016'),
('54416135', 'LUTHFAN KRISHABA ALBAJILI', '2IA10', '2016'),
('54416140', 'LUTHFI FATTULLOH', '2IA12', '2016'),
('54416143', 'LUTHFI HAMID', '2IA02', '2016'),
('54416146', 'LUTHFI RIZKY PERDANA', '2IA14', '2016'),
('54416151', 'LUTHFRIANDI FADHLURROHMAN', '2IA03', '2016'),
('54416168', 'MUHAMMAD FARHAN FEBRIANZA', '2IA15', '2016'),
('54416173', 'M HAIDAR HARYOKUSUMO', '2IA06', '2016'),
('54416176', 'M KEMAL RAMADHAN', '2IA03', '2016'),
('54416177', 'M KHOIRULLAH ADHITYA', '2IA17', '2016'),
('54416181', 'M RAGIL ILLAHI', '2IA09', '2016'),
('54416188', 'M UWAIS THORIQ MAFAZI', '2IA10', '2016'),
('54416197', 'M. NADHIFUL AMAL AZAM ZAM', '2IA03', '2016'),
('54416198', 'M. RIFKI OSKAR', '2IA12', '2016'),
('54416206', 'M.RIZA ZULKARNAEN', '2IA12', '2016'),
('54416230', 'MAHMUD RIZKY AZHARY', '2IA15', '2016'),
('54416232', 'MAHPUDIN', '2IA10', '2016'),
('54416236', 'MALIK ABDUR RIZKY YUSUF', '2IA04', '2016'),
('54416245', 'MARCHADIAN NURHIDAYATULLA', '2IA11', '2016'),
('54416247', 'MARCO ABEL ZEFANYA', '2IA05', '2016'),
('54416269', 'MARISI MUHAMMAD ABDU J', '2IA02', '2016'),
('54416273', 'MARLIAN SAPUTRA', '2IA11', '2016'),
('54416283', 'MARTHIASYAH ZEIN', '2IA15', '2016'),
('54416290', 'MAS SATRIA KANTAMIHARJA', '2IA11', '2016'),
('54416297', 'MATTHIAS CAROLL JULIANO', '2IA16', '2016'),
('54416317', 'MAULVI NAZIR JODI', '2IA05', '2016'),
('54416324', 'MAY SINDI AYU TRIANA', '2IA17', '2016'),
('54416366', 'MELINDA AYU HELMAHANI', '2IA12', '2016'),
('54416367', 'MELINDA PUTRI JULIANI', '2IA14', '2016'),
('54416370', 'MELKY FIRMANSYAH KURNIAWA', '2IA09', '2016'),
('54416377', 'MEMO HARYANTO', '2IA09', '2016'),
('54416386', 'MHD RIZKI WAHYUDI', '2IA06', '2016'),
('54416388', 'MHD.ARIF AL AZIZ HARAHAP', '2IA07', '2016'),
('54416426', 'MIRWAN NAUFAL', '2IA06', '2016'),
('54416434', 'MIZANI ZIDQI', '2IA14', '2016'),
('54416440', 'MOCHAMAD AL FARIDZY', '2IA13', '2016'),
('54416445', 'MOCHAMAD DENNY KOOS A', '2IA11', '2016'),
('54416459', 'MOCHAMMAD FARIZ SYAH LAZU', '2IA01', '2016'),
('54416465', 'MOCHAMMAD NAJIB MUSYAFA', '2IA02', '2016'),
('54416466', 'MOCHAMMAD RIZKY ANINDISA', '2IA11', '2016'),
('54416473', 'MOHAMAD ABDURACHMAN', '2IA07', '2016'),
('54416480', 'MOHAMAD YOGA BUHANG', '2IA08', '2016'),
('54416490', 'MOHAMMAD AZIS ALAMSYAH', '2IA12', '2016'),
('54416535', 'MUCHAMMAD RIVARI', '2IA14', '2016'),
('54416543', 'MUH. HERI SETIAWAN', '2IA07', '2016'),
('54416549', 'MUHAMAD ADITYA FIDIANTYO', '2IA12', '2016'),
('54416560', 'MUHAMAD ARIF MUS AHMADI', '2IA10', '2016'),
('54416583', 'MUHAMAD GALIH MAULANA', '2IA17', '2016'),
('54416601', 'MUHAMAD IRFAN HIDAYAT', '2IA09', '2016'),
('54416602', 'MUHAMAD JAELANI AKBAR', '2IA12', '2016'),
('54416627', 'MUHAMAD RIDHO ALDO RAVANE', '2IA05', '2016'),
('54416630', 'MUHAMAD RIFKI RIZALDI', '2IA13', '2016'),
('54416638', 'MUHAMAD RIZKY ANANDA', '2IA01', '2016'),
('54416657', 'MUHAMMAD ABIYYULHAQ', '2IA04', '2016'),
('54416670', 'MUHAMMAD ADITYA NUGROHO', '2IA16', '2016'),
('54416673', 'MUHAMMAD ADRIANSYA RAKHAN', '2IA06', '2016'),
('54416680', 'MUHAMMAD AFLISAL PRANANDA', '2IA05', '2016'),
('54416685', 'MUHAMMAD AJI RAHADIAN', '2IA17', '2016'),
('54416693', 'MUHAMMAD ALFATH RAYHAN', '2IA10', '2016'),
('54416697', 'MUHAMMAD ALHAM IBRAHIM', '2IA10', '2016'),
('54416701', 'MUHAMMAD ALIF MUSDIAR', '2IA14', '2016'),
('54416703', 'MUHAMMAD ALIF RHAMADHAN', '2IA11', '2016'),
('54416704', 'MUHAMMAD ALIF RIZKI', '2IA12', '2016'),
('54416712', 'MUHAMMAD AMIR SLAMET TRIA', '2IA09', '2016'),
('54416742', 'MUHAMMAD AZAM IRFANI', '2IA14', '2016'),
('54416746', 'MUHAMMAD AZWAR RASYID', '2IA01', '2016'),
('54416749', 'MUHAMMAD BAGUS RAFIF AMAR', '2IA09', '2016'),
('54416758', 'MUHAMMAD CHAERUL HAFIZ', '2IA12', '2016'),
('54416761', 'MUHAMMAD CHAIRULI NUGRAHA', '2IA14', '2016'),
('54416771', 'MUHAMMAD DIAZ EKA PUTRA', '2IA03', '2016'),
('54416780', 'MUHAMMAD DZAKI HAMDAN', '2IA17', '2016'),
('54416781', 'MUHAMMAD DZIKRI M', '2IA03', '2016'),
('54416792', 'MUHAMMAD FADHLY', '2IA04', '2016'),
('54416799', 'MUHAMMAD FAHMI ARDIANSYAH', '2IA05', '2016'),
('54416805', 'MUHAMMAD FAJRI SETYO NUGR', '2IA12', '2016'),
('54416814', 'MUHAMMAD FARHAN', '2IA05', '2016'),
('54416823', 'MUHAMMAD FARISUN NAJACH', '2IA13', '2016'),
('54416839', 'MUHAMMAD FAUZAN A', '2IA05', '2016'),
('54416840', 'MUHAMMAD FAUZAN HADI SATR', '2IA01', '2016'),
('54416852', 'MUHAMMAD FICKI', '2IA01', '2016'),
('54416855', 'MUHAMMAD FIKRI DO BAGUS', '2IA08', '2016'),
('54416857', 'MUHAMMAD FIKRI N', '2IA12', '2016'),
('54416858', 'MUHAMMAD FIKRY M', '2IA14', '2016'),
('54416859', 'MUHAMMAD FIQIH ZULFIKAR', '2IA04', '2016'),
('54416869', 'MUHAMMAD GAMMANUR RIHA', '2IA04', '2016'),
('54416878', 'MUHAMMAD GURUH AJINUGROHO', '2IA01', '2016'),
('54416880', 'MUHAMMAD HADI NUGROHO', '2IA17', '2016'),
('54416890', 'MUHAMMAD HAIKAL MADANI', '2IA03', '2016'),
('54416895', 'MUHAMMAD HARIS', '2IA01', '2016'),
('54416905', 'MUHAMMAD HUSNI BAEHAQI', '2IA11', '2016'),
('54416908', 'MUHAMMAD IBNU NURFALAH', '2IA11', '2016'),
('54416928', 'MUHAMMAD ILHAM RAMADHAN', '2IA16', '2016'),
('54416929', 'MUHAMMAD ILHAM RUSDY', '2IA07', '2016'),
('54416930', 'MUHAMMAD ILHAM SHOBIRIN', '2IA04', '2016'),
('54416932', 'MUHAMMAD ILLHAM FRIANSYAH', '2IA12', '2016'),
('54416933', 'MUHAMMAD IMAM HUSYAENI', '2IA04', '2016'),
('54416938', 'MUHAMMAD IQBAL', '2IA15', '2016'),
('54416942', 'MUHAMMAD IQBAL NAUFAL', '2IA05', '2016'),
('54416943', 'MUHAMMAD IQBAL PRAWIRA SE', '2IA14', '2016'),
('54416944', 'MUHAMMAD IQBAL SAKTI', '2IA09', '2016'),
('54416953', 'MUHAMMAD IRFAN HILMI', '2IA03', '2016'),
('54416959', 'MUHAMMAD IRSYAD RAMADHAN', '2IA16', '2016'),
('54416968', 'MUHAMMAD JURGEN IRGO FRAN', '2IA13', '2016'),
('54416971', 'MUHAMMAD KAHFI', '2IA06', '2016'),
('54416982', 'MUHAMMAD LUCKY HAIDAR', '2IA11', '2016'),
('54416987', 'MUHAMMAD LUTHFI ARDI', '2IA10', '2016'),
('54416990', 'MUHAMMAD LUTHFY ADNAN', '2IA15', '2016'),
('54416994', 'MUHAMMAD MAULANA HERCULES', '2IA08', '2016'),
('54416995', 'MUHAMMAD MAULANA YUSUF', '2IA07', '2016'),
('55412013', 'MUHAMMAD NAFIZIAN', '4IA13', '2014'),
('55414002', 'HILMY FARHAN NURJANNAH', '4IA14', '2014'),
('55414005', 'HIRMA NURIFIA', '4IA17', '2014'),
('55414006', 'HIRZI KARAMI', '4IA03', '2014'),
('55414010', 'HIZBI KUMAIL', '4IA06', '2014'),
('55414044', 'IAN WIDIASMARA LEVI', '4IA13', '2014'),
('55414057', 'IBNU RAMADHAN BANGUN NEGA', '4IA15', '2014'),
('55414062', 'ICA PUTRI ASIH', '4IA12', '2014'),
('55414074', 'ICMI ALAM FIKRI KHARISTI', '4IA08', '2014'),
('55414108', 'IHSAN ERFA FADILAH', '4IA16', '2014'),
('55414145', 'IKHSAN FAUZAN ADZIMA', '4IA10', '2014'),
('55414151', 'IKHWAN TIARAHMAN TJAJA', '4IA08', '2014'),
('55414178', 'ILHAM HIDAYAT BISMARK', '4IA12', '2014'),
('55414181', 'ILHAM MAULANA', '4IA09', '2014'),
('55414187', 'ILHAM REZKY', '4IA02', '2014'),
('55414194', 'ILHAM SYAHARDEAN SYAHADAT', '4IA17', '2014'),
('55414204', 'ILMAN WAHID CHANIAGO', '4IA06', '2014'),
('55414211', 'IMAM AULIYA NURAKHMAN', '4IA13', '2014'),
('55414290', 'INDRA ARIANGGI SURYAATMAJ', '4IA01', '2014'),
('55414306', 'INDRA RIZKY ANDREAWAN', '4IA03', '2014'),
('55414311', 'INDRA WIRATAMA', '4IA16', '2014'),
('55414318', 'INDRI DWI YULIARTI', '4IA12', '2014'),
('55414417', 'IRA JAYANTI', '4IA11', '2014'),
('55414434', 'IRFAN FADHIL', '4IA04', '2014'),
('55414450', 'IRFAN ZUL ARSYIL', '4IA06', '2014'),
('55414455', 'IRHANDY ARDIANSYAH', '4IA02', '2014'),
('55414459', 'IRMA AZALIA', '4IA09', '2014'),
('55414474', 'IRVAN HIDAYAT', '4IA06', '2014'),
('55414492', 'ISAK MARUHUM PURBA', '4IA14', '2014'),
('55414523', 'ISNAENI WINANDA', '4IA04', '2014'),
('55414544', 'IVAN FATKHUROHMAN', '4IA01', '2014'),
('55414556', 'IVANDER SVEGA', '4IA04', '2014'),
('55414562', 'IZHAN HAQANI', '4IA17', '2014'),
('55414575', 'JAFAR SHADIQ', '4IA14', '2014'),
('55414592', 'JAMALUDIN SALAM', '4IA04', '2014'),
('55414668', 'JOAOGINHO CARVALHO WIDIYA', '4IA10', '2014'),
('55414671', 'JODY ADIASTYOGA', '4IA08', '2014'),
('55414672', 'JODY FEBRIANSYAH', '4IA07', '2014'),
('55414676', 'JOHAN FADHIL RAMADHAN', '4IA07', '2014'),
('55414693', 'JONATHAN HINMAN NAINGGOLA', '4IA02', '2014'),
('55414714', 'JOVI ARIEF IRTANTO', '4IA15', '2014'),
('55414746', 'JUNIOR MOHAMAD AZIZ', '4IA08', '2014'),
('55414792', 'KARTIKO PRAMUDITO', '4IA01', '2014'),
('55414796', 'KASYFI IVANEDRA', '4IA14', '2014'),
('55414818', 'KEVIEN AQBAR', '4IA01', '2014'),
('55414824', 'KEVIN DERMAWAN PRATAMA', '4IA15', '2014'),
('55414826', 'KEVIN FATURRAHMAN PRATAMA', '4IA09', '2014'),
('55414842', 'KHAIRUL ARIFIN LUTHFI', '4IA07', '2014'),
('55414863', 'KHIAN SAYOGYO RAHMADI', '4IA10', '2014'),
('55414883', 'KHRESNA IMANIA PUTRA', '4IA08', '2014'),
('55414888', 'KIKI GUMILAR', '4IA08', '2014'),
('55414917', 'KRISNA ARIEF BUDIMAN', '4IA10', '2014'),
('55414920', 'KRISNA MUSTIKARANI', '4IA01', '2014'),
('55414926', 'KUKUH ANTONI', '4IA15', '2014'),
('55415004', 'NAUFAL HADI PUTRA', '3IA17', '2015'),
('55415045', 'NICO IVANANDA NUGROHO', '3IA02', '2015'),
('55415046', 'NICO OCEAN EKARAMA M', '3IA05', '2015'),
('55415052', 'NICOLAS KUSUMA', '3IA01', '2015'),
('55415097', 'NOVA ERYANTO AJI', '3IA06', '2015'),
('55415112', 'NOVEGA ELDIARWAN', '3IA12', '2015'),
('55415114', 'NOVERIO YURISTIANTO', '3IA05', '2015'),
('55415126', 'NOVIA MUFIDAH', '3IA06', '2015'),
('55415131', 'NOVIAN ADIPUTRA', '3IA14', '2015'),
('55415149', 'NUGI FARHAN', '3IA04', '2015'),
('55415154', 'NUGROHO AJI PANGESTU', '3IA06', '2015'),
('55415159', 'NUR ABDULLAH', '3IA07', '2015'),
('55415162', 'NUR AIDA DWIYANTI', '3IA01', '2015'),
('55415169', 'NUR ANNISA', '3IA13', '2015'),
('55415176', 'NUR FADLIA', '3IA08', '2015'),
('55415187', 'NUR IRFAN EKA FADHILAH', '3IA14', '2015'),
('55415197', 'NUR SAFIRA', '3IA09', '2015'),
('55415201', 'NUR SYAFFIA SURI', '3IA01', '2015'),
('55415246', 'NYIAYU SYAFIAH RIANI', '3IA10', '2015'),
('55415257', 'OKTAFIANDO SILA PRADHANA', '3IA16', '2015'),
('55415265', 'OKTAVIANI ELLA KARLINA', '3IA08', '2015'),
('55415281', 'ORI DEFIKRI', '3IA13', '2015'),
('55415286', 'OSSI ANGGIA', '3IA13', '2015'),
('55415289', 'OVIE EDTRIANA WAHYULI', '3IA07', '2015'),
('55415292', 'PAHMI DERI SUTISNA', '3IA11', '2015'),
('55415335', 'PERI PIRDAUS', '3IA05', '2015'),
('55415378', 'PRATAMA ARIEF RAMADHAN', '3IA14', '2015'),
('55415384', 'PRAYOGA ANDHIKA WIBOWO', '3IA02', '2015'),
('55415432', 'PUTRI AMALIA FAUZIAH NOOR', '3IA10', '2015'),
('55415439', 'PUTRI ANZAR ALFARABI', '3IA04', '2015'),
('55415467', 'PUTU BAGUS ARYA PRIYAHITA', '3IA03', '2015'),
('55415471', 'QADRISA MUTIARA DETILA', '3IA02', '2015'),
('55415473', 'QAIS CAHYO WIBOWO', '3IA13', '2015'),
('55415483', 'RAAFI HEPRIYANDI PUTRA', '3IA15', '2015'),
('55415497', 'RADEN ARU SURYO R', '3IA13', '2015'),
('55415509', 'RADITYA IKHSAN PRATAMA', '3IA10', '2015'),
('55415520', 'RAFI AHMAD AS SIDIQ', '3IA01', '2015'),
('55415534', 'RAGA HARIAWAN', '3IA07', '2015'),
('55415544', 'RAHADITYA ADITIRAKA', '3IA11', '2015'),
('55415547', 'RAHAYU SETIANINGRUM', '3IA12', '2015'),
('55415548', 'RAHAYU SETIANINGSIH', '3IA08', '2015'),
('55415551', 'RAHMA DEA LESTARI', '3IA14', '2015'),
('55415553', 'RAHMA INDAH SAFITRI', '3IA05', '2015'),
('55415572', 'RAHMAT SAPUTRA', '3IA11', '2015'),
('55415583', 'RAIHAN FIRAS MUZHAFFAR', '3IA10', '2015'),
('55415589', 'RAIL JUSEKA', '3IA14', '2015'),
('55415599', 'RAKA ADJIE PUTRAWAN', '3IA12', '2015'),
('55415602', 'RAKA ANDIKA SUSENO', '3IA10', '2015'),
('55415604', 'RAKA FIRMANSYAH POHAN', '3IA05', '2015'),
('55415614', 'RAKHA PALEVA KAWISWARA', '3IA12', '2015'),
('55415615', 'RAKHA PANJI GIANTAMA', '3IA07', '2015'),
('55415621', 'RAMA NEVTA HENDRA', '3IA17', '2015'),
('55415624', 'RAMA SADEWA', '3IA09', '2015'),
('55415635', 'RAMZI', '3IA05', '2015'),
('55415642', 'RANDY BAGUS NURRIZKIANTO', '3IA09', '2015'),
('55415644', 'RANDY ROSSALI', '3IA04', '2015'),
('55415663', 'RANITA DEWI INDRIYANI', '3IA11', '2015'),
('55415682', 'RATNA SARI', '3IA04', '2015'),
('55415707', 'RAYHAN PAMUNGKAS WICAKSON', '3IA13', '2015'),
('55415710', 'RAYNALDI HIDAYAT', '3IA06', '2015'),
('55415735', 'REINE AULIANA PUTRI', '3IA07', '2015'),
('55415771', 'RESDIAN RANU WIJAYA', '3IA10', '2015'),
('55415792', 'REVALDI AKBAR', '3IA12', '2015'),
('55415799', 'REYHAN NURINDERA ARDHIRAJ', '3IA15', '2015'),
('55415802', 'REYHANSYAH PRAWIRA', '3IA13', '2015'),
('55415821', 'REZA BILLYANTO', '3IA05', '2015'),
('55415825', 'REZA FACHRIYA', '3IA11', '2015'),
('55415835', 'REZA NISAZKA', '3IA08', '2015'),
('55415846', 'REZA RIZKI RAHMADANI', '3IA08', '2015'),
('55415849', 'REZA VIKAR MAULANA', '3IA16', '2015'),
('55415859', 'REZKY MAULANA', '3IA16', '2015'),
('55415891', 'RIANTIO DWI SAPUTRA D.R', '3IA05', '2015'),
('55415906', 'RICKY ALVIN KENDRA', '3IA06', '2015'),
('55415911', 'RICKY NIZARUL FAUZI BASHO', '3IA04', '2015'),
('55415912', 'RICKY OCTADEIGO', '3IA11', '2015'),
('55415936', 'RIDWAN', '3IA16', '2015'),
('55415947', 'RIEFALDY ARIO KUSUMO', '3IA08', '2015'),
('55415976', 'RIFQI NAUFAL GAHARA', '3IA07', '2015'),
('55415988', 'RIKAL DWI LAKSONO', '3IA09', '2015'),
('55416009', 'MUHAMMAD QODRI RAMADONI', '2IA09', '2016'),
('55416015', 'MUHAMMAD RAFI ALIF', '2IA06', '2016'),
('55416029', 'MUHAMMAD RAIS', '2IA07', '2016'),
('55416037', 'MUHAMMAD REIHAN S', '2IA05', '2016'),
('55416045', 'MUHAMMAD REZA IZZATULILLA', '2IA16', '2016'),
('55416050', 'MUHAMMAD REZA TRI HARIYAN', '2IA01', '2016'),
('55416051', 'MUHAMMAD RHEZA AGUNG', '2IA13', '2016'),
('55416072', 'MUHAMMAD RIFQI NABHANDIAN', '2IA12', '2016'),
('55416077', 'MUHAMMAD RIZAL SUBAGJA', '2IA04', '2016'),
('55416079', 'MUHAMMAD RIZKI', '2IA13', '2016'),
('55416080', 'MUHAMMAD RIZKI FADILLAH', '2IA06', '2016'),
('55416090', 'MUHAMMAD RIZKY FADLILLAH', '2IA05', '2016'),
('55416096', 'MUHAMMAD RIZKY RUSDIN', '2IA04', '2016'),
('55416121', 'MUHAMMAD SYAFIQ', '2IA08', '2016'),
('55416126', 'MUHAMMAD TAUFIK SALEH', '2IA05', '2016'),
('55416128', 'MUHAMMAD TAUFIQ HILMI', '2IA13', '2016'),
('55416136', 'MUHAMMAD VIQI SYAHPUTRA', '2IA15', '2016'),
('55416145', 'MUHAMMAD YUSUF FADILLA', '2IA14', '2016'),
('55416146', 'MUHAMMAD YUSUF HERLAMBANG', '2IA14', '2016'),
('55416148', 'MUHAMMAD ZAHIR FATHURRAHM', '2IA04', '2016'),
('55416150', 'MUHAMMAD ZAKI', '2IA08', '2016'),
('55416157', 'MUHAMMAD IQBAL AKBAR', '2IA08', '2016'),
('55416165', 'MULIANA JANIPAL HAREFA', '2IA07', '2016'),
('55416175', 'MUSTOPAH', '2IA12', '2016'),
('55416223', 'NABILA WARDHANI', '2IA12', '2016'),
('55416236', 'NADA CHAIRUNNISA', '2IA10', '2016'),
('55416247', 'NADHIF RAFIFAIZ K', '2IA05', '2016'),
('55416293', 'NAKULA RAMADHAN BAIDURI', '2IA10', '2016'),
('55416306', 'NANDA MUCHTAR', '2IA09', '2016'),
('55416308', 'NANDA NAUFAL ARDATAMA', '2IA08', '2016'),
('55416318', 'NANDHA YUANA DJUNAIDI', '2IA05', '2016'),
('55416323', 'NANO SUMARNO', '2IA10', '2016'),
('55416338', 'NAUFAL ABDURRAFI', '2IA07', '2016'),
('55416352', 'NAUFAL RAMADHAN BUDIHARJO', '2IA09', '2016'),
('55416355', 'NAUFAL RIZQILLAH AL-IKRAM', '2IA11', '2016'),
('55416429', 'NILLA KUSUMA DEWI', '2IA09', '2016'),
('55416483', 'NOVEMRY WILDYNANDA SAPUTR', '2IA09', '2016'),
('55416486', 'NOVI AFSARI', '2IA16', '2016'),
('55416519', 'NUGROHO DWI CAHYONO', '2IA04', '2016'),
('55416535', 'NUR AZIZAH', '2IA07', '2016'),
('55416547', 'NUR IKA SETYANI', '2IA08', '2016'),
('55416555', 'NUR MUHAMAD ISA A', '2IA07', '2016'),
('55416566', 'NURAFAN', '2IA04', '2016'),
('55416571', 'NUREIZA MOHAMMAD IKHSAN', '2IA13', '2016'),
('55416631', 'NURUL PRATIWI', '2IA15', '2016'),
('55416704', 'PAISHAL BAJRIN', '2IA11', '2016'),
('55416707', 'PAMBUDI SATRIO LAKSONO', '2IA07', '2016'),
('55416715', 'PANDU SETYAJI', '2IA06', '2016'),
('55416757', 'PIERE JEREMIAS MUDA KOTA', '2IA12', '2016'),
('55416764', 'PIYA ARDHANA RIZA', '2IA02', '2016'),
('55416795', 'PRIMA GIMAT DHIHARTO', '2IA12', '2016'),
('55416803', 'PRITA FAUZIAH A', '2IA10', '2016'),
('55416892', 'R RIDWAN DARMAWAN', '2IA01', '2016'),
('55416904', 'RACHMANTYO ARYA PRADANA', '2IA08', '2016'),
('55416905', 'RACHMAT ANDY DWIANTO', '2IA03', '2016'),
('55416923', 'RADITYA', '2IA15', '2016'),
('55416924', 'RADITYA AJIE BAGUS UMBARA', '2IA13', '2016'),
('55416930', 'RADITYA PRATAMA ARDIANSYA', '2IA06', '2016'),
('55416939', 'RAFI ABU FATIH', '2IA04', '2016'),
('55416943', 'RAFI KHALISH', '2IA05', '2016'),
('55416944', 'RAFI RADHIAN NUGRAHA', '2IA06', '2016'),
('55416946', 'RAFID ASA SAMBOGA', '2IA11', '2016'),
('55416949', 'RAFIF FAVIAN', '2IA09', '2016'),
('55416952', 'RAFILIO DWIYANOV', '2IA08', '2016'),
('55416954', 'RAFKA FADHILAH RAZALDIN', '2IA16', '2016'),
('55416967', 'RAGA PUTRA NUGRAHA', '2IA08', '2016'),
('55416968', 'RAGIL MAULANA', '2IA09', '2016'),
('55416975', 'RAHANDYAN PRATAMA', '2IA12', '2016'),
('55416990', 'RAHMADITHA PRABANDARI', '2IA01', '2016'),
('56412076', 'REDZA ADRIANSYAH DIRGANTA', '4IA02', '2014'),
('56412359', 'RIFQI REFLIANSYAH', '4IA16', '2014'),
('56412433', 'RIO NURDIANSYAH', '4IA17', '2014'),
('56412737', 'RUWANTO SYAH PUTERA', '4IA08', '2014'),
('56413060', 'MUHAMMAD OKTARIADI', '4IA10', '2014'),
('56413936', 'PRITA WARDIANI', '4IA04', '2014'),
('56414013', 'LAZIA DENEF', '4IA13', '2014'),
('56414047', 'LEZAR GABRIEL DARAPAI', '4IA13', '2014'),
('56414079', 'LINDA DWI NOVIANTI', '4IA01', '2014'),
('56414125', 'LITA HENDRATNO', '4IA13', '2014'),
('56414160', 'LULU INDAH SARI', '4IA03', '2014'),
('56414167', 'LUNGGUH SYAM PRAMBUDI', '4IA10', '2014'),
('56414220', 'M BYAN IRSHADIANSYAH', '4IA12', '2014'),
('56414225', 'M FAJRI HASRI', '4IA02', '2014'),
('56414234', 'M FUAD SIDIK ISMAIL', '4IA12', '2014'),
('56414237', 'M HARIS MUNANDAR', '4IA03', '2014'),
('56414238', 'M IKHBAL SETIAWAN', '4IA16', '2014'),
('56414244', 'M NAJMI PASILRA', '4IA03', '2014'),
('56414245', 'MUHAMMAD NAUFAL ZUHDI', '4IA14', '2014'),
('56414249', 'M REZA SUSANTO P', '4IA16', '2014'),
('56414274', 'M. FANJI PERDANA', '4IA01', '2014'),
('56414278', 'M. NUR ARDIANSYAH', '4IA13', '2014'),
('56414279', 'M. RAHMAT FADHIL HR', '4IA08', '2014'),
('56414294', 'MADE SATYA YOGISWARA', '4IA07', '2014'),
('56414296', 'MADINA PUJI UTAMI', '4IA07', '2014'),
('56414324', 'MAHENDRA DWI SYATHI', '4IA04', '2014'),
('56414339', 'MALIK ABDUL AZIZ', '4IA10', '2014'),
('56414340', 'MALINDA NURJANAH', '4IA16', '2014'),
('56414412', 'MARLA NUR ASSYIFA', '4IA04', '2014'),
('56414439', 'MARY HOLY CATHOLIC C C U', '4IA16', '2014'),
('56414461', 'MAULANA AJI PRATAMA', '4IA12', '2014'),
('56414463', 'MAULANA ARIF AMINUDIN', '4IA08', '2014'),
('56414481', 'MAULIDA AGUSTINA A', '4IA03', '2014'),
('56414485', 'MAULIDIA RIZKIZATY', '4IA07', '2014'),
('56414491', 'MAURISKA SALSABILA', '4IA02', '2014'),
('56414544', 'MEILY PUSPITA', '4IA16', '2014'),
('56414585', 'MELTHA ALHIDAYA PUTRA', '4IA10', '2014'),
('56414606', 'METODIUS WARUWU', '4IA02', '2014'),
('56414627', 'MICHAEL CLAUDIUS', '4IA11', '2014'),
('56414635', 'MICHAEL SURYA ADJI R', '4IA13', '2014'),
('56414656', 'MILA MEI DWIMAWARNI', '4IA04', '2014'),
('56414666', 'MIRANTI', '4IA06', '2014'),
('56414695', 'MOCHAMAD FAZRIANSYAH', '4IA15', '2014'),
('56414733', 'MOH FAKHRI ARDIYANTO', '4IA06', '2014'),
('56414736', 'MOH REZA DWI A ANTULA', '4IA07', '2014'),
('56414749', 'MOHAMAD FURQON', '4IA11', '2014'),
('56414752', 'MOHAMAD ILYAS SUTI', '4IA12', '2014'),
('56414756', 'MOHAMAD KAUTSAR FIRDAUS', '4IA14', '2014'),
('56414763', 'MOHAMAD RESAL IRSYAD', '4IA02', '2014'),
('56414765', 'MOHAMAD REZA WINATA', '4IA07', '2014'),
('56414771', 'MOHAMMAD ADHYA NUGROHO', '4IA16', '2014'),
('56414783', 'MOHAMMAD FAHD', '4IA03', '2014'),
('56414784', 'MOHAMMAD FAHMY ARSYAAD', '4IA04', '2014'),
('56414788', 'MOHAMMAD FAUZI RAHARDIAWA', '4IA14', '2014'),
('56414805', 'MOHAMMAD RAFI KAUTSAR', '4IA03', '2014'),
('56414830', 'MONA SARITO SIAGIAN', '4IA01', '2014'),
('56414849', 'MUADZ ABDURRAHMAN', '4IA11', '2014'),
('56414852', 'MUCHAMAD ARDIANSYAH', '4IA06', '2014'),
('56414860', 'MUCHAMMAD ARY SEPTIAN HAD', '4IA08', '2014'),
('56414866', 'MUCH. YUSUF FIRMANSYAH', '4IA13', '2014'),
('56414910', 'MUHAMAD DANI HAWARI', '4IA07', '2014'),
('56414912', 'MUHAMAD DENAZ AL AFDAL', '4IA06', '2014'),
('56414918', 'MUHAMAD FADLAN PRAYOGA', '4IA04', '2014'),
('56414932', 'MUHAMAD FIKRI RAMDHANI', '4IA09', '2014'),
('56414958', 'MUHAMAD IQBAL FAUZI', '4IA17', '2014'),
('56414984', 'MUHAMAD RAFLY GUNAWAN', '4IA11', '2014'),
('56414992', 'MUHAMAD RIDWAN', '4IA12', '2014'),
('56415013', 'RINALDO ANUGRAH WAHYUDA', '3IA04', '2015'),
('56415014', 'RINALDO CAHYADI', '3IA11', '2015'),
('56415023', 'RINI TRI RACHMAWATI', '3IA03', '2015'),
('56415100', 'RIYANSAH', '3IA12', '2015'),
('56415130', 'RIZKA YULIANTI R P', '3IA09', '2015'),
('56415132', 'RIZKI ADITIA WAHYU RAHMAW', '3IA11', '2015'),
('56415140', 'RIZKI CAHYO PRASTOWO', '3IA12', '2015'),
('56415150', 'RIZKI MAULANA', '3IA10', '2015'),
('56415158', 'RIZKI RACHMANUDIN', '3IA12', '2015'),
('56415170', 'RIZKY AGHISTA PUTRAWAN', '3IA03', '2015'),
('56415182', 'RIZKY ESHA WAHYU UTAMA', '3IA14', '2015'),
('56415186', 'RIZKY ICHSANDI', '3IA12', '2015'),
('56415191', 'RIZKY NUGRAHA PUTRA', '3IA17', '2015'),
('56415196', 'RIZKY PUTRA YURISMAN', '3IA06', '2015'),
('56415212', 'RIZQI RAMADHANNY ANANDA P', '3IA12', '2015'),
('56415224', 'ROBBY ZIDNIY ILMAN', '3IA06', '2015'),
('56415227', 'ROBI PRADANA MAULIDAN', '3IA17', '2015'),
('56415236', 'ROFIIL HONI IHZAM', '3IA02', '2015'),
('56415263', 'RONALDO FERNANDUS', '3IA02', '2015'),
('56415276', 'ROSIYANA DWI ANGGARANI', '3IA17', '2015'),
('56415293', 'RUDI GIGIH PRABOWO', '3IA14', '2015'),
('56415331', 'SAFRUL AEDI', '3IA06', '2015'),
('56415348', 'SALSABILA SAFIRA AZALEA', '3IA01', '2015'),
('56415350', 'SALSABILA YUSNI', '3IA12', '2015'),
('56415360', 'SAMUEL PARDAMEAN', '3IA04', '2015'),
('56415411', 'SARTIKA DEWI MULYANI', '3IA14', '2015'),
('56415428', 'SATRIO ARBI NUGROHO', '3IA01', '2015'),
('56415435', 'SATRIO YUDHO UTOMO', '3IA16', '2015'),
('56415441', 'SATYO PRIYANGKA', '3IA13', '2015'),
('56415453', 'SEKAR WENINGATI', '3IA10', '2015'),
('56415463', 'SENA VIGO TRIASTOMO', '3IA15', '2015'),
('56415497', 'SETYO BAYU AJI', '3IA14', '2015'),
('56415517', 'SHAQUILLA BAHAR', '3IA07', '2015'),
('56415556', 'SHOFIYAH ZAHRA FIRDAUSI', '3IA01', '2015'),
('56415560', 'SIFA CHOIRUNNISA', '3IA10', '2015'),
('56415561', 'SIGIT ARI SETIAWAN', '3IA03', '2015'),
('56415570', 'SILVANO SATRIA PURNOMO', '3IA11', '2015'),
('56415582', 'SIRNAYATI SABARTIK', '3IA15', '2015'),
('56415691', 'SUCI HAYATI', '3IA17', '2015'),
('56415697', 'SUDARMAWAN', '3IA03', '2015'),
('56415750', 'SYAHRUL ARIFIN', '3IA16', '2015'),
('56415751', 'SYAHRUL ILHAM MUTTAQIEN', '3IA05', '2015'),
('56415753', 'SYAHRUL SETIYAWAN', '3IA11', '2015'),
('56415755', 'SYAI AMMAR BU SENNA', '3IA10', '2015'),
('56415767', 'SYARIF IRVAN FAHREZA ASSE', '3IA07', '2015'),
('56415772', 'SYAWALUDDIN IMANNUR', '3IA15', '2015'),
('56415827', 'TEDDY ARIANSYAH', '3IA07', '2015'),
('56415834', 'TEGUH ADDRIAN', '3IA09', '2015'),
('56415845', 'TEGUH TRISUTAMA', '3IA02', '2015'),
('56415847', 'TEGUH WAHYU SAPUTRA', '3IA17', '2015'),
('56415909', 'TITA AYU WIBOWO', '3IA17', '2015'),
('56415912', 'TITI KOMARIAH SEPTIYANTI', '3IA12', '2015'),
('56415914', 'TITO TRISTI SUANTO', '3IA13', '2015'),
('56415932', 'TRI ALDIANSYAH', '3IA05', '2015'),
('56415965', 'TUNGGUL HERAWAN', '3IA03', '2015'),
('56415967', 'UGAI PRIBADI BAIHAQI', '3IA10', '2015'),
('56415982', 'UMI BILQIS NABILAH', '3IA10', '2015'),
('56415984', 'UNGGUL ANDIKA PUTRA', '3IA06', '2015'),
('56416018', 'RAIHANITA FADILAH', '2IA06', '2016'),
('56416035', 'RAMA APRIKO', '2IA09', '2016'),
('56416036', 'RAMA ARIO SADEWO', '2IA12', '2016'),
('56416038', 'RAMA JORIZACKY M', '2IA12', '2016'),
('56416046', 'RAMADHANI REZKY FADILLAH', '2IA14', '2016'),
('56416052', 'RAMMA RIYANTKA PUTRA', '2IA07', '2016'),
('56416059', 'RANDRIAN ANAUFAL', '2IA12', '2016'),
('56416063', 'RANGGA ABIMANYU', '2IA06', '2016'),
('56416083', 'RANNDO ROMANDO', '2IA10', '2016'),
('56416169', 'RENALDY DWI JULIANTO', '2IA14', '2016'),
('56416171', 'RENALDY SUJATMIKO', '2IA07', '2016'),
('56416204', 'RESA AKRISTO R D', '2IA07', '2016'),
('56416232', 'REVINNA NOVIANTI BR MUNTH', '2IA14', '2016'),
('56416256', 'REZA FANANI', '2IA08', '2016'),
('56416262', 'REZA MAULANA RAMADHAN', '2IA10', '2016'),
('56416269', 'REZDIAN YURSANDI', '2IA11', '2016'),
('56416277', 'RHAFI IHZA RAJA', '2IA12', '2016'),
('56416306', 'RIANDRA', '2IA06', '2016'),
('56416307', 'RIANDY SYAMARA', '2IA13', '2016'),
('56416317', 'RICKO PARHASIAN S', '2IA05', '2016'),
('56416321', 'RICKY MAZAYA HULMAN NURZA', '2IA03', '2016'),
('56416342', 'RIDHO HAFIS', '2IA05', '2016'),
('56416374', 'RIFIE RAENALDY', '2IA15', '2016'),
('56416402', 'RIFQI RABBANI PUTRA YADIT', '2IA11', '2016'),
('56416403', 'RIFQI RAHMAD ICHSAN MAKAY', '2IA06', '2016'),
('56416406', 'RIFQI RANADI', '2IA02', '2016'),
('56416420', 'RIKI SOPIANSYAH', '2IA05', '2016'),
('56416434', 'RINALDY HI MALIK', '2IA13', '2016'),
('56416466', 'RISA PUTRI HAPSARI', '2IA08', '2016'),
('56416484', 'RISKI AFRIALAM', '2IA15', '2016'),
('56416495', 'RISKY SAPUTRA', '2IA14', '2016'),
('56416498', 'RISMA HANDAYANI', '2IA10', '2016'),
('56416517', 'RIVALDY ARDIANSYAH', '2IA06', '2016'),
('56416528', 'RIZA ARINGGA RYANDI', '2IA06', '2016'),
('56416534', 'RIZAL TRI ADITAMA', '2IA04', '2016'),
('56416552', 'RIZKA ZULFANI SYAHRIR', '2IA06', '2016'),
('56416555', 'RIZKI ALFARIZI HARAHAP', '2IA13', '2016'),
('56416562', 'RIZKI BAGUS SAPUTRA', '2IA13', '2016'),
('56416593', 'RIZKY AL FAHMI', '2IA08', '2016'),
('56416629', 'RIZQI FEBRIANSYAH', '2IA11', '2016'),
('56416650', 'ROBERT', '2IA12', '2016'),
('56416662', 'ROJA PUTRA INDOSIANA', '2IA05', '2016'),
('56416684', 'ROSDIANA SAULE PALAMBA', '2IA01', '2016'),
('56416699', 'RR FIKA YUNINDA LUKYTAWAT', '2IA07', '2016'),
('56416701', 'PRABOWO PANGESTU', '2IA08', '2016'),
('56416715', 'RUSYADI', '2IA16', '2016'),
('56416734', 'RYANTO HADI NUGROHO', '2IA15', '2016'),
('56416750', 'SAFIRA', '2IA09', '2016'),
('56416765', 'SAHAT PARLINDUNGAN', '2IA15', '2016'),
('56416772', 'SALMA KHAIRUNNISA', '2IA03', '2016'),
('56416780', 'SALMAN ALFARISI', '2IA05', '2016'),
('56416782', 'SALMAN FADHLULLOH', '2IA13', '2016'),
('56416799', 'SALVANO YUNIOR SAFARI', '2IA13', '2016'),
('56416803', 'SAMUDRA ALAWY K', '2IA09', '2016'),
('56416816', 'SANDRO GOKMA SINAGA', '2IA05', '2016'),
('56416841', 'SARAH NUR HAIBAH', '2IA01', '2016'),
('56416853', 'SARI PUTRI KESUMA A', '2IA11', '2016'),
('56416867', 'SATRIA WIJAYANDARU', '2IA02', '2016'),
('56416872', 'SATRIO ARIF ZULKARNAEN', '2IA09', '2016'),
('56416875', 'SATRIO HADI WICAKSONO', '2IA03', '2016'),
('56416877', 'SATYAWAN AJIE WICAKSONO', '2IA01', '2016'),
('56416883', 'SAYIDATI KARIMA', '2IA01', '2016'),
('56416890', 'SEKAR AMELIA FUJIANTY', '2IA11', '2016'),
('56416911', 'SEPDIAN FAUZI PUTRA', '2IA08', '2016'),
('56416942', 'SETIA ADI AGUNG NURSYAMSI', '2IA07', '2016'),
('56416965', 'SHAFLY MUHAMMAD ABDULLAH', '2IA17', '2016'),
('56416999', 'SHERIEN TRISNAWATY', '2IA07', '2016'),
('57411581', 'YOSEPHADE PUTRA HUTAGALUN', '4IA02', '2014'),
('57412778', 'YAHYA WIJAYA', '4IA15', '2014'),
('57412904', 'YUDI ABDUL RAHMAN', '4IA10', '2014'),
('57412987', 'YUSRIYA EKA AMALIA', '4IA12', '2014'),
('57413199', 'RAIHAN OKTORA PRIANDANA', '4IA10', '2014'),
('57413567', 'Rian Tri Kusuma', 'NC', '2013'),
('57414000', 'MUHAMAD RIZKI', '4IA09', '2014'),
('57414005', 'MUHAMAD RIZKI RAMADHAN', '4IA02', '2014'),
('57414011', 'MUHAMAD SADAN DWI CAHYO', '4IA07', '2014'),
('57414018', 'MUHAMAD SOFYAN PRIATNA', '4IA09', '2014'),
('57414021', 'MUHAMAD TAZJUDIN NUR KHOI', '4IA04', '2014'),
('57414022', 'MUHAMAD UMAR RIZKI', '4IA09', '2014'),
('57414045', 'MUHAMMAD ADIP PRASETYO', '4IA14', '2014'),
('57414047', 'MUHAMMAD ADITYA MEDIANSYA', '4IA03', '2014'),
('57414056', 'MUHAMMAD AGUNG LAKSONO', '4IA14', '2014'),
('57414064', 'MUHAMMAD AKBAR NUGRAHA', '4IA04', '2014'),
('57414081', 'MUHAMMAD ANDI FAJRI', '4IA08', '2014'),
('57414084', 'MUHAMMAD ANDIKA NUGRAHA', '4IA01', '2014'),
('57414110', 'MUHAMMAD ASEP AWALUDDIN', '4IA10', '2014'),
('57414118', 'MUHAMMAD AZIS AULIA', '4IA17', '2014'),
('57414124', 'MUHAMMAD BAGUS MAWARDI', '4IA13', '2014'),
('57414140', 'MUHAMMAD CAESAR NOVALKO', '4IA06', '2014'),
('57414151', 'MUHAMMAD DENY ANDRIYAN', '4IA14', '2014'),
('57414153', 'MUHAMMAD DEVA SANDYA', '4IA02', '2014'),
('57414170', 'MUHAMMAD DZIKRI NUR PRATA', '4IA17', '2014'),
('57414177', 'MUHAMMAD FADHIIL', '4IA09', '2014'),
('57414182', 'MUHAMMAD FADHLURRAHMAN KU', '4IA13', '2014'),
('57414184', 'MUHAMMAD FADIL FIDRIAN', '4IA10', '2014'),
('57414194', 'MUHAMMAD FAHREZA', '4IA08', '2014'),
('57414204', 'MUHAMMAD FAIZ IDRIS', '4IA02', '2014'),
('57414205', 'MUHAMMAD FAIZ RIZKY', '4IA17', '2014'),
('57414230', 'MUHAMMAD FARRAS AVIANTO', '4IA09', '2014'),
('57414233', 'MUHAMMAD FATHAN', '4IA04', '2014'),
('57414237', 'MUHAMMAD FATHUR RAHMAN', '4IA11', '2014'),
('57414241', 'MUHAMMAD FAUZAN AKBAR', '4IA06', '2014'),
('57414248', 'MUHAMMAD FAUZI SAFUTRA', '4IA11', '2014'),
('57414255', 'MUHAMMAD FIKRIYANSYAH', '4IA14', '2014'),
('57414263', 'MUHAMMAD GARRY D', '4IA13', '2014'),
('57414265', 'MUHAMMAD GHAZY QOIS REYHA', '4IA06', '2014'),
('57414279', 'MUHAMMAD HAEKAL', '4IA17', '2014'),
('57414299', 'MUHAMMAD HASBI ASSHODHIQI', '4IA04', '2014'),
('57414305', 'MUHAMMAD HERMAS YUDA PAMU', '4IA01', '2014'),
('57414308', 'MUHAMMAD HIMAWAN NOER ADI', '4IA10', '2014'),
('57414315', 'MUHAMMAD ICHSAN', '4IA15', '2014'),
('57414323', 'MUHAMMAD IKHSAN PRIAMBODO', '4IA06', '2014'),
('57414325', 'MUHAMMAD IKRA FACHRI FADH', '4IA16', '2014'),
('57414327', 'MUHAMMAD ILHAM AFEMI', '4IA03', '2014'),
('57414341', 'MUHAMMAD INDRA YUDHA PUTR', '4IA14', '2014'),
('57414345', 'MUHAMMAD IQBAL ALIKHADAFI', '4IA07', '2014'),
('57414347', 'MUHAMMAD IQBAL GOZALI', '4IA04', '2014'),
('57414377', 'MUHAMMAD ISHAQ', '4IA08', '2014'),
('57414381', 'MUHAMMAD JANUARDI SANTOSO', '4IA04', '2014'),
('57414382', 'MUHAMMAD JESSEN REINHART', '4IA15', '2014'),
('57414383', 'MUHAMMAD JIHAD ALQADR', '4IA11', '2014'),
('57414387', 'MUHAMMAD KANZUL FIKRI', '4IA12', '2014'),
('57414400', 'MUHAMMAD LUTFI NURMALIK W', '4IA11', '2014'),
('57414401', 'MUHAMMAD LUTHFI D', '4IA04', '2014'),
('57414406', 'MUHAMMAD MAHDI', '4IA03', '2014'),
('57414412', 'MUHAMMAD MIFTAHULKHAIR', '4IA02', '2014'),
('57414416', 'MUHAMMAD MUGNI HADI', '4IA04', '2014'),
('57414421', 'MUHAMMAD MUSLIM HAIDAR', '4IA08', '2014'),
('57414425', 'MUHAMMAD NASRULLAH', '4IA03', '2014'),
('57414430', 'MUHAMMAD NAUFAL RIFKI', '4IA03', '2014'),
('57414432', 'MUHAMMAD NIZAR AULIA', '4IA10', '2014'),
('57414439', 'MUHAMMAD NUR FITRIAN SURY', '4IA12', '2014'),
('57414451', 'MUHAMMAD PACO DWI P', '4IA06', '2014'),
('57414478', 'MUHAMMAD REXY HERDIANSYAH', '4IA12', '2014'),
('57414479', 'MUHAMMAD REYHAN GHOZIAN', '4IA16', '2014'),
('57414489', 'MUHAMMAD REZA SULAIMAN', '4IA10', '2014'),
('57414493', 'MUHAMMAD RIDHWAN YUSUF', '4IA11', '2014'),
('57414494', 'MUHAMMAD RIDWAN', '4IA02', '2014'),
('57414495', 'MUHAMMAD RIDWAN', '4IA10', '2014'),
('57414503', 'MUHAMMAD RISFAHUDDIN', '4IA04', '2014'),
('57414505', 'MUHAMMAD RIVAI', '4IA02', '2014'),
('57414507', 'MUHAMMAD RIZALNI', '4IA09', '2014'),
('57414517', 'MUHAMMAD RIZKIANSYAH', '4IA11', '2014'),
('57414545', 'MUHAMMAD SAYUDHA PRATHAMA', '4IA04', '2014'),
('57414553', 'MUHAMMAD SUKRI ADIYANTO', '4IA04', '2014'),
('57414564', 'MUHAMMAD TAUFIQ AKBAR', '4IA01', '2014'),
('57414567', 'MUHAMMAD THAMRINALDI APRY', '4IA03', '2014'),
('57414569', 'MUHAMMAD TOMI A', '4IA10', '2014'),
('57414572', 'MUHAMMAD TRISNA', '4IA04', '2014'),
('57414574', 'MUHAMMAD UBAIDILLAH', '4IA07', '2014'),
('57414576', 'MUHAMMAD ULIL AMRI', '4IA03', '2014'),
('57414583', 'MUHAMMAD WILDAN AVIANTO', '4IA10', '2014'),
('57414600', 'MUHAMMAD ZAIM MILZAM', '4IA10', '2014'),
('57414612', 'MUHAMMAT AMIR MUNAJAD', '4IA01', '2014'),
('57414660', 'MUTHI''AH ASMA PUTRI', '4IA08', '2014'),
('57414721', 'NADA VERRELL MENTARI', '4IA15', '2014'),
('57414742', 'NADIA SEPRIANI', '4IA17', '2014'),
('57414762', 'NADYA GAYATRI ERLANGGA', '4IA17', '2014'),
('57414789', 'NALOM MARULI TUA', '4IA10', '2014'),
('57414805', 'NANDA TRI RIZKITA', '4IA11', '2014'),
('57414830', 'NATASIA SILVI PURNAMA D.', '4IA12', '2014'),
('57414840', 'NATHARIA PENTA ARYANI', '4IA04', '2014'),
('57414857', 'NAUFAL MUHAMMAD', '4IA15', '2014'),
('57414868', 'NAURAH HIDAYAH', '4IA08', '2014'),
('57414910', 'NIA AULIA SARI', '4IA08', '2014'),
('57414920', 'NICKO FAJAR VERNANDO', '4IA10', '2014'),
('57414936', 'NIJAR MAULANA YUSUP', '4IA14', '2014'),
('57414949', 'NIKO ZUHAIR ADIWANTO', '4IA04', '2014'),
('57414998', 'NOFFRIALDI', '4IA12', '2014'),
('57414999', 'NOFFRIHENDRI', '4IA17', '2014'),
('57415070', 'WAFI PANDEGA', '3IA04', '2015'),
('57415072', 'WAHID ASSYIFAH S P', '3IA06', '2015'),
('57415109', 'WARDHA LUTFIAH', '3IA09', '2015'),
('57415116', 'WELLY SANTOSO PRATAMA', '3IA09', '2015'),
('57415130', 'WIDIA DWI RENGGANIS', '3IA01', '2015'),
('57415140', 'WIDYA PUTRI RAHAYU', '3IA08', '2015'),
('57415150', 'WILDAN FIRDAUS', '3IA12', '2015'),
('57415151', 'WILDAN RAHMATULLAH', '3IA10', '2015'),
('57415152', 'WILDAN RHOMAD WIJANARKO', '3IA13', '2015'),
('57415177', 'WIRA HIDAYATULLAH', '3IA05', '2015'),
('57415214', 'YANA JULIA SARI', '3IA15', '2015'),
('57415225', 'YASIR', '3IA03', '2015'),
('57415243', 'YOGA BHAKTI UTOMO', '3IA17', '2015'),
('57415251', 'YOGI ERMANTO', '3IA16', '2015'),
('57415265', 'YOHANES EDDO OCTAVIAN', '3IA02', '2015'),
('57415267', 'YOHANES EUDES PAYONG', '3IA02', '2015'),
('57415292', 'YOSO DERMAWAN SUGONDO', '3IA07', '2015'),
('57415296', 'YOSUA SUMARDI', '3IA15', '2015'),
('57415312', 'YUDHA PATRIA', '3IA11', '2015'),
('57415343', 'YULIO ANDRIAN SIAHAAN', '3IA02', '2015'),
('57415385', 'ZAINUL FADEN', '3IA11', '2015'),
('57415386', 'ZAKA FADHULLAH HUSAEN', '3IA15', '2015'),
('57415394', 'ZAKY FARHAN ABROR', '3IA09', '2015'),
('57415406', 'ZIKRI MUHAMMAD IQBAL', '3IA16', '2015'),
('57415434', 'ADI RUDIANTO', '3IA07', '2015'),
('57415437', 'AGUNG RACHMONO PUTRO', '3IA05', '2015'),
('57415438', 'AHMAD GHIFARI NUGRAHA', '3IA13', '2015'),
('57415466', 'HAYDAR', '3IA08', '2015'),
('57415468', 'HETY NURBAETI', '3IA14', '2015'),
('57415485', 'MOCHAMMAD FARREL WIRAPUTR', '3IA14', '2015'),
('57415521', 'TRIO BAGUS SANTOSA', '3IA13', '2015'),
('57415528', 'ZAEN AKBAR RAMADHANIEL', '3IA15', '2015'),
('57415539', 'LANANG RAGIL MATHRIUL', '3IA03', '2015'),
('57415552', 'DALLIN A GERNENG', '3IA16', '2015'),
('57415573', 'ANHAR AIDIN', '3IA08', '2015'),
('57415587', 'FADHIILAH SHODIIQUL QORII', '3IA17', '2015'),
('57415609', 'YULISTIANI', '3IA09', '2015'),
('57415639', 'MAULANA ZAINUDIN Y', '3IA06', '2015'),
('57415648', 'ADJI HADI RAHMADI', '3IA06', '2015'),
('57415700', 'RAJA RAHMAT DWIPA', '3IA03', '2015'),
('57415746', 'YUDIAN PATAGALA', '3IA16', '2015'),
('57415769', 'FIRAZ INDRA JUNIOR', '3IA15', '2015'),
('57415781', 'MOHAMMAD TAUFIQ ISMAIL HA', '3IA03', '2015'),
('57415808', 'ALDHYT WIRANGGA', '3IA11', '2015'),
('57415813', 'ARINTA RADHIKA FADHILA', '3IA06', '2015'),
('57415824', 'FREDY GUNAWAN', '3IA06', '2015'),
('57415827', 'HARI SOPIANDI', '3IA02', '2015'),
('57415841', 'MUHAMMAD IQBAL RIZKY P', '3IA03', '2015'),
('57415850', 'ROBBY SURYA PRATAMA', '3IA06', '2015'),
('57415866', 'KENDY', '3IA04', '2015'),
('57415867', 'LATHEO TANSLI AERIS', '3IA02', '2015'),
('57415892', 'MUHAMMAD RIZQI PERMANA', '3IA10', '2015'),
('57415922', 'MANAHAN', '3IA06', '2015'),
('57415929', 'SONI FAUZAN MAULANA', '3IA07', '2015'),
('57415948', 'MUHAMMAD ASWANDI ZULKARNA', '3IA15', '2015'),
('57415951', 'IRVAN INDRA SUHERMAN', '3IA07', '2015'),
('57415955', 'Debora T', '3IA26', '2015'),
('57416014', 'SHINJIRIKI', '2IA11', '2016'),
('57416059', 'SINGGIH WISNU PRANATA', '2IA01', '2016'),
('57416081', 'SITI ANGGRAINI ALFATIHAH', '2IA01', '2016'),
('57416084', 'SITI EVI NURAHAYU MASULIA', '2IA06', '2016'),
('57416087', 'SITI FATIMAH', '2IA17', '2016'),
('57416090', 'SITI FITRIYANI SUKMANIROH', '2IA09', '2016'),
('57416104', 'SITI PUTRI BALQIS', '2IA16', '2016'),
('57416130', 'SOPHA SALSABILA', '2IA14', '2016'),
('57416133', 'SOVINA RIZAL', '2IA16', '2016'),
('57416151', 'STEFAN ADRIANUS MANALU', '2IA04', '2016'),
('57416155', 'STEPHEN JORDAN SITOMPUL', '2IA06', '2016'),
('57416169', 'SUGIYANTORO NUR HIDAYAT', '2IA15', '2016'),
('57416177', 'SULISTYO ANAS SAGITA', '2IA09', '2016'),
('57416180', 'SULTAN FARHAN', '2IA06', '2016'),
('57416202', 'SURYADI SANTOSO WIGUNAWAN', '2IA03', '2016'),
('57416215', 'SYACHRIZAL BACHRI', '2IA10', '2016'),
('57416281', 'T.AULIA SYAH PUTRA', '2IA03', '2016'),
('57416282', 'TAGOR MAULANA LUBIS', '2IA10', '2016'),
('57416303', 'TARUNA ERSA WICAKSONO', '2IA16', '2016'),
('57416307', 'TASYA ANDHREA', '2IA07', '2016'),
('57416320', 'TAUFIK INDRAWAN', '2IA10', '2016'),
('57416330', 'TEDDY SURYA RAHMADI', '2IA11', '2016'),
('57416348', 'TETTY ROMONDANG SINTA RIA', '2IA17', '2016'),
('57416351', 'TEUKU MUHAMMAD FITRA', '2IA13', '2016'),
('57416370', 'THOMAS LEONARDO HALIM', '2IA15', '2016'),
('57416378', 'TIAR FAJRIAN', '2IA03', '2016'),
('57416394', 'TIMOTHY HERAVIAN LOHEY', '2IA05', '2016'),
('57416396', 'TIMOTIUS IMANUEL', '2IA12', '2016'),
('57416430', 'TRI KUSUMA WARDHANI', '2IA01', '2016'),
('57416443', 'TRIE FAUZAN FEBRIANSYAH', '2IA01', '2016'),
('57416466', 'TYAS KUSMULIATI', '2IA03', '2016'),
('57416477', 'ULLYA NADA', '2IA10', '2016'),
('57416486', 'UTARI ANGGRAINI', '2IA04', '2016'),
('57416496', 'VANDE FRANSISKUS BUTAR BU', '2IA09', '2016'),
('57416517', 'VERGI NARDIAN LUFYANDI', '2IA03', '2016'),
('57416520', 'VERN MARSYELLA SUGIARTO', '2IA11', '2016'),
('57416541', 'VIKO CANDRA MAHESA', '2IA07', '2016'),
('57416563', 'VIRA YOLANDA', '2IA01', '2016'),
('57416603', 'WANDA MUHAMMAD RAMDANI', '2IA02', '2016'),
('57416610', 'WENGGARA GALIH PUTRA', '2IA01', '2016'),
('57416653', 'WILLIAM BONI UTAMA BINTAN', '2IA16', '2016'),
('57416654', 'WILLIAM JOSEPH', '2IA02', '2016'),
('57416655', 'WILLIAM SAFERO SETYA UTAM', '2IA08', '2016'),
('57416688', 'WISNU AGUNG PRABOWO', '2IA09', '2016'),
('57416689', 'WISNU ANGGARA', '2IA08', '2016'),
('57416700', 'WISNUNDARI DYAH AYU LESTA', '2IA14', '2016'),
('57416718', 'YANGGI YULIANTO', '2IA17', '2016'),
('57416725', 'YANWAR RIZKI KOMARUDIN', '2IA17', '2016'),
('57416731', 'YASSIR NURPATIAGUNA', '2IA12', '2016'),
('57416739', 'YENI ERLINDA', '2IA14', '2016'),
('57416748', 'YOBEL KISLEW', '2IA01', '2016'),
('57416750', 'YODI JABAR RAHMAT', '2IA09', '2016'),
('57416751', 'YODIANSYAH STEEVENEZ', '2IA10', '2016'),
('57416785', 'YOHANES SILALAHI', '2IA11', '2016'),
('57416801', 'YONDRIXS CALVIN', '2IA17', '2016'),
('57416813', 'YOSUA', '2IA14', '2016'),
('57416835', 'YUDI KURNIATAMA', '2IA04', '2016'),
('57416839', 'YUDITH GENEIZA MAHOLLE', '2IA02', '2016'),
('57416841', 'YUDITYA RONI SETIAWAN', '2IA02', '2016'),
('57416847', 'YULIA FEBRIYANTI', '2IA08', '2016'),
('57416863', 'YUNISTIN VERENSA TABERIMA', '2IA16', '2016'),
('57416879', 'YUSTIKA MAULIDA', '2IA02', '2016'),
('57416884', 'YUSUF AMIR FAISAL', '2IA15', '2016'),
('57416908', 'ZAINAL ABIDIN', '2IA15', '2016'),
('57416915', 'ZALITA NADYA UTAMI', '2IA10', '2016'),
('57416922', 'ZEFANYA ALVIANO GULTOM', '2IA03', '2016'),
('57416942', 'ZUL FADHLI', '2IA09', '2016'),
('57416944', 'ZULFA CHUSNA', '2IA15', '2016'),
('57416945', 'ZULFA ROHAYATI', '2IA02', '2016'),
('57416950', 'ZULFIKAR CHAMIM', '2IA02', '2016'),
('57416962', 'GUNAWAN RAMADHAN P', '2IA04', '2016'),
('57416964', 'IHSAN DWICAHYO', '2IA12', '2016'),
('57416983', 'GALIH IMAN PRAYOGI', '2IA03', '2016'),
('58410891', 'ISMAIL SALEH', '4IA06', '2014'),
('58414003', 'NOFRIAN SAMARA PALUMPUN', '4IA04', '2014'),
('58414005', 'NOLDY FEBBY INALDO', '4IA07', '2014'),
('58414009', 'NOOR FADHILA KAMAL', '4IA01', '2014'),
('58414014', 'NORA CHANIAGO', '4IA01', '2014'),
('58414033', 'NOVAN RAMADHAN HIDAYAT', '4IA09', '2014'),
('58414109', 'NUGRAHA PUTRA PRATAMA', '4IA11', '2014'),
('58414160', 'NUR FITRIANI', '4IA13', '2014'),
('58414180', 'NUR OCTAVIANI', '4IA02', '2014'),
('58414190', 'NUR TAUFIK HIDAYAT', '4IA03', '2014'),
('58414207', 'NURDITA RAHMAFITRI', '4IA04', '2014'),
('58414209', 'NURFADHILAH RAMADHAN', '4IA04', '2014'),
('58414224', 'NURJANNAH FITRI REZEKI', '4IA06', '2014'),
('58414239', 'NURRIASIH FATIMAH', '4IA08', '2014'),
('58414254', 'NURUL AULIA RAHMAWATI', '4IA09', '2014'),
('58414260', 'NURUL EMILIA', '4IA14', '2014'),
('58414284', 'NURUL NADIRA YUSNANTO', '4IA12', '2014'),
('58414296', 'NUUR MADANI ABDUL HAKIM', '4IA04', '2014'),
('58414298', 'NUZUL MUHAMMAD RAMADHAN', '4IA17', '2014'),
('58414310', 'OINIKE JUDIKA', '4IA13', '2014'),
('58414333', 'OKTAVIANA PRASETYANTI', '4IA01', '2014'),
('58414356', 'OSMAN TRI PRAKOSO', '4IA12', '2014'),
('58414370', 'PANDHU NATA PRATAMA', '4IA16', '2014'),
('58414380', 'PANDU WIJAYANDI', '4IA16', '2014'),
('58414401', 'PARULIAN SIAGIAN', '4IA14', '2014'),
('58414403', 'PASKALIS ABIYOGA', '4IA16', '2014'),
('58414408', 'PATING FAKHRANA HAPSARI Z', '4IA14', '2014'),
('58414416', 'PATRICK SIMORANGKIR', '4IA13', '2014'),
('58414429', 'PERRINS SHAFLY UTAMA', '4IA11', '2014'),
('58414463', 'PRABOWO SUBEKTI', '4IA12', '2014'),
('58414479', 'PRANADIPA KURNIATAMA', '4IA17', '2014'),
('58414483', 'PRASETIO NURSYAMPRIADI', '4IA04', '2014'),
('58414499', 'PRAYOGA JAGA SENTANA', '4IA15', '2014'),
('58414501', 'PRAZENTIO FATHYBETARA', '4IA04', '2014'),
('58414525', 'AINUR ROHMAH AL ADAWIYAH', '4IA04', '2014'),
('58414542', 'PUJA PUTRALAKSANA', '4IA10', '2014'),
('58414548', 'PUJI PRASETYO', '4IA16', '2014'),
('58414571', 'PUTRA HARI NUGROHO', '4IA12', '2014'),
('58414665', 'RAAFI ALIY KURNIA BINTORO', '4IA06', '2014'),
('58414680', 'RACHMAD GURNITO', '4IA08', '2014'),
('58414684', 'RACHMAN ARIF ABDAU', '4IA06', '2014'),
('58414690', 'RACHMAT SIYAMSYAH ALI', '4IA02', '2014'),
('58414696', 'RADEN ADHYAKSA RAHARDJO', '4IA04', '2014'),
('58414723', 'RADITYA ABDURRAFI', '4IA01', '2014'),
('58414734', 'RAFI FARHANDA UTAMA', '4IA04', '2014'),
('58414750', 'RAFINDRA DJAKA NANDIKA', '4IA08', '2014'),
('58414753', 'RAFLI MUHAMMAD FADILA', '4IA06', '2014'),
('58414762', 'RAHARDIAN ALBANI WIJANARK', '4IA07', '2014'),
('58414777', 'RAHMAD HIDAYAT', '4IA02', '2014'),
('58414779', 'RAHMAD JAFAR', '4IA13', '2014'),
('58414786', 'RAHMAN ADITYA', '4IA14', '2014'),
('58414797', 'RAHMAT BURHANUDIN', '4IA10', '2014'),
('58414799', 'RAHMAT DWI ATMOJO', '4IA04', '2014'),
('58414811', 'RAHMAT SYALIM', '4IA04', '2014'),
('58414847', 'RAKA GILANG PRAKARSA', '4IA10', '2014'),
('58414854', 'RAKA SANTIKA NUGRAHA PRAW', '4IA16', '2014'),
('58414874', 'RAMADHAN IBNU KHATAMSYAH', '4IA02', '2014'),
('58414884', 'RAMDHANY SATRIA NUGRAHA', '4IA15', '2014'),
('58414895', 'RANDY INDRA RAHIM', '4IA15', '2014'),
('58414903', 'RANGGA ARYADANURAJA', '4IA15', '2014'),
('58414905', 'RANGGA DWI FACHREZA', '4IA09', '2014'),
('58414907', 'RANGGA FEBRIANDA PRATAMA', '4IA15', '2014'),
('58414924', 'RANIA DWI CAHYANI', '4IA01', '2014'),
('58414935', 'RASHAD HARRIS', '4IA13', '2014'),
('58414965', 'RAYHAN ARINO', '4IA12', '2014'),
('58414988', 'REFIE TRIESSYA HAYYU', '4IA08', '2014'),
('58416018', 'DZUHRI SUHUD', '2IA08', '2016'),
('58416021', 'ALFIANSYAH ZAIN NUR ROCHM', '2IA09', '2016'),
('58416028', 'FAHRI MUHAMMAD', '2IA09', '2016'),
('58416041', 'MUHAMMAD LUTHFI NASUTION', '2IA07', '2016'),
('58416051', 'RIRI HADIARTI', '2IA02', '2016'),
('58416077', 'DITA RUTH NOVILIA', '2IA16', '2016'),
('58416086', 'GEMA MAULANA FASHOFATIH', '2IA10', '2016'),
('58416141', 'ERIKA MONINGKA', '2IA17', '2016'),
('58416151', 'BIMA HAQQI TEGUH PUTRA', '2IA06', '2016'),
('58416160', 'REYNALDI YOSITA WIBOWO', '2IA10', '2016'),
('58416167', 'HALIT TRIWANDA NUR', '2IA03', '2016'),
('58416189', 'ALVIN CHARISMA UTAMA', '2IA15', '2016'),
('58416199', 'CORRYLIA OCTAVIANA', '2IA13', '2016'),
('58416206', 'EGI MAULANA AZIS', '2IA06', '2016'),
('58416220', 'HASBINA SITTA AZKIYA', '2IA11', '2016'),
('58416255', 'SEVEN SIMANJUNTAK', '2IA13', '2016'),
('58416260', 'YUSRIL IRZA MAHENRA', '2IA04', '2016'),
('58416265', 'REHAN ALQADRI', '2IA05', '2016'),
('58416324', 'BAGUS ARIF MUHAJIR', '2IA12', '2016'),
('58416342', 'DANIEL BUHARAJA', '2IA17', '2016'),
('58416352', 'WAKHYU NOVI SETIYANING AS', '2IA17', '2016'),
('58416355', 'ERIKA AFKAR NURCAHYANI', '2IA14', '2016'),
('58416367', 'ALFIZAR SATRIA MAHENDRA', '2IA10', '2016'),
('58416371', 'HELMI KUNTORO', '2IA02', '2016'),
('58416380', 'HERIS IMANUEL PARDAMEAN A', '2IA17', '2016'),
('58416421', 'RAYNA RYZKIANTO SHALEH', '2IA09', '2016'),
('58416441', 'RONALD REYHAN WIJAYA', '2IA12', '2016'),
('58416452', 'RAHMAT KRISHARTANTO', '2IA02', '2016'),
('58416458', 'TAMILA ZHUMABAYEVA', '2IA04', '2016'),
('59413418', 'YEFTA PRIMA TARIGAN', '4IA17', '2014'),
('59414013', 'REINER FRANCOIS', '4IA13', '2014'),
('59414041', 'RENDY APRIAN', '4IA04', '2014'),
('59414044', 'RENDY FERRYKA HENDRA', '4IA12', '2014'),
('59414050', 'RENDY RIZKY FADILLAH', '4IA07', '2014'),
('59414055', 'RENDYTIO ARIFIAN P', '4IA01', '2014'),
('59414087', 'RESNANDHA AZIWARDANA', '4IA11', '2014'),
('59414089', 'RESSA WAHYU RAMADON', '4IA14', '2014'),
('59414091', 'RESTI AMALIA', '4IA13', '2014'),
('59414123', 'REVIN JOSHUA ANDRA', '4IA13', '2014'),
('59414153', 'REZA ADITYA SUTRISNO', '4IA04', '2014'),
('59414191', 'REZA SETYO NUGROHO', '4IA15', '2014'),
('59414217', 'RIAN ADITAMA', '4IA07', '2014'),
('59414224', 'RIAN ROHMAT NURAIN', '4IA16', '2014'),
('59414226', 'RIAN YUNANTO', '4IA17', '2014'),
('59414234', 'RIANITA GIOVANNI KATRYN', '4IA13', '2014'),
('59414245', 'RICHARD NATANAEL', '4IA14', '2014'),
('59414267', 'RICO', '4IA15', '2014'),
('59414291', 'RIDHO CAHYADI', '4IA16', '2014'),
('59414295', 'RIDHO NASTAINULLAH', '4IA07', '2014'),
('59414296', 'RIDHO NURUL ADILLA', '4IA16', '2014'),
('59414309', 'RIDO ILHAM', '4IA03', '2014'),
('59414312', 'RIDWAN AKBAR PURNAMA', '4IA16', '2014'),
('59414315', 'RIDWAN HILMY M', '4IA09', '2014'),
('59414316', 'RIDWAN KUSTANTO', '4IA02', '2014'),
('59414324', 'RIDWAN TEHARUDIN', '4IA01', '2014'),
('59414351', 'RIFKA KURNIA IRFIANA', '4IA13', '2014'),
('59414373', 'RIFQI KASYFURRAHMAN', '4IA09', '2014'),
('59414376', 'RIFQI MAULANA EFFENDI', '4IA14', '2014'),
('59414416', 'RINA HAFIZHAH UTAMI', '4IA01', '2014'),
('59414423', 'RINALDI REPUTRA', '4IA16', '2014'),
('59414443', 'RINO ARMADIAZ PUTERA', '4IA14', '2014'),
('59414447', 'RINTO IRAWAN', '4IA07', '2014'),
('59414461', 'RIO NUR PRIANTO', '4IA09', '2014'),
('59414462', 'RIO OCTAVIANO', '4IA03', '2014'),
('59414471', 'RIRI NOVITA', '4IA13', '2014');
INSERT INTO `data_mahasiswa` (`npm`, `nama`, `kelas`, `angkatan`) VALUES
('59414499', 'RISKE DWI CAHYATI', '4IA12', '2014'),
('59414563', 'RIYAN SEPTA ALFARIBI', '4IA15', '2014'),
('59414569', 'RIZA FATHONI MULYOTO', '4IA11', '2014'),
('59414588', 'RIZKA FEBRILA SARI', '4IA01', '2014'),
('59414595', 'RIZKA YULIA SUKMA', '4IA01', '2014'),
('59414609', 'RIZKI ARIMA', '4IA10', '2014'),
('59414633', 'RIZKI MAHARDIKA CAHYANTO', '4IA17', '2014'),
('59414642', 'RIZKI PAHLEVI SUDIARTO', '4IA06', '2014'),
('59414683', 'RIZKY EKA PRATAMA', '4IA04', '2014'),
('59414693', 'RIZKY HARYADI', '4IA06', '2014'),
('59414734', 'RIZMA DWI CAHYANINGSIH', '4IA09', '2014'),
('59414780', 'ROHMAT GUNAWAN', '4IA09', '2014'),
('59414798', 'ROMMY ILHAMY', '4IA02', '2014'),
('59414799', 'ROMMY SUTRISNO PUTRA', '4IA06', '2014'),
('59414812', 'ROSIANA AYU JASHINTA SINA', '4IA08', '2014'),
('59414824', 'ROY IMANUEL S', '4IA15', '2014'),
('59414825', 'ROY RAMANTA', '4IA13', '2014'),
('59414827', 'ROYHAN FIRDAUS', '4IA17', '2014'),
('59414852', 'RULLY SETIAWAN', '4IA03', '2014'),
('59414863', 'RUTH INGGRID VERONICA', '4IA01', '2014'),
('59414866', 'RUTH RICKY DWI CAHYO', '4IA09', '2014'),
('59414869', 'RUZANNAH ISMAH MUTIAH', '4IA03', '2014'),
('59414877', 'RYAN FATHURRACHMAN', '4IA14', '2014'),
('59414879', 'RYAN HIDAYATULLAH', '4IA06', '2014'),
('59414888', 'RYAN PUJI AMBARI', '4IA03', '2014'),
('59414889', 'RYAN PUTRAMA YAHYA', '4IA04', '2014'),
('59414904', 'RYNO ARZANDO', '4IA15', '2014'),
('59414912', 'SADDAM INDRASUKMA', '4IA09', '2014'),
('59414952', 'SALMON PRATAMA SIMANJUNTA', '4IA06', '2014'),
('59414991', 'SANDY SATRIYA', '4IA04', '2014'),
('5A413872', 'RAPHON DWIHARTANTO SC N', '4IA04', '2014'),
('5A414011', 'SANTOSA PAMBUDI', '4IA17', '2014'),
('5A414084', 'SATRIYO DERMAWAN', '4IA17', '2014'),
('5A414112', 'SELA SRI MULYANI', '4IA11', '2014'),
('5A414128', 'SELVY YUNI ASTUTI', '4IA16', '2014'),
('5A414148', 'SEPTIAN ADHI WICAKSONO', '4IA15', '2014'),
('5A414153', 'SEPTIAN SANDI', '4IA02', '2014'),
('5A414168', 'SETO DWIYULIANTO', '4IA14', '2014'),
('5A414252', 'SHUBHI ATHTHABRANI', '4IA02', '2014'),
('5A414293', 'SINGGIH AJI PRASETYO', '4IA01', '2014'),
('5A414318', 'SISKA WAHYU OKTAVIA', '4IA13', '2014'),
('5A414476', 'SUCI MOLIDINA', '4IA16', '2014'),
('5A414489', 'SUDIBYO', '4IA16', '2014'),
('5A414557', 'SYAFINAH ZEANAH DIEN', '4IA04', '2014'),
('5A414558', 'SYAFIQ FADHILLAH', '4IA06', '2014'),
('5A414610', 'SYARIKA NURMAHALIA', '4IA03', '2014'),
('5A414631', 'SYIFA SALSABYLA', '4IA15', '2014'),
('5A414642', 'T.M IRFAN F.', '4IA08', '2014'),
('5A414678', 'TAUFIK HIDAYAT', '4IA10', '2014'),
('5A414692', 'TEDI WILDANI', '4IA10', '2014'),
('5A414693', 'TEDY PRATOMO', '4IA11', '2014'),
('5A414710', 'TEGUH PRABOWO', '4IA14', '2014'),
('5A414720', 'TEUKU FATTAHILLAH ALRASYI', '4IA14', '2014'),
('5A414735', 'THOMI AKBAR', '4IA16', '2014'),
('5A414736', 'THOMI ALGHANI', '4IA01', '2014'),
('5A414791', 'TITHA TENESSA', '4IA15', '2014'),
('5A414798', 'TITO AHMAD SUGIARTO', '4IA14', '2014'),
('5A414799', 'TITO PAMUNGKAS', '4IA11', '2014'),
('5A414813', 'TONI SION SAMUEL ANGGELA', '4IA04', '2014'),
('5A414826', 'TRI ARDI FAUZI', '4IA07', '2014'),
('5A414883', 'TRISWANTO', '4IA01', '2014'),
('5A414892', 'TSABIT ABDULLAH', '4IA17', '2014'),
('5A414919', 'ULFA BASTYA', '4IA02', '2014'),
('5A414927', 'ULFA NAZIIHAH CAROLLINE', '4IA08', '2014'),
('5A414929', 'ULFAH PRATIWI', '4IA11', '2014'),
('5A414986', 'VENDES PETRIK MAELA. S', '4IA12', '2014'),
('5A414998', 'VERI TANJUNG', '4IA15', '2014'),
('5B414958', 'KIKI FIRDAUS IMSAR', '4IA10', '2014'),
('5B415801', 'NYOMAN ARYA PRAKAMYAJATI', '4IA12', '2014'),
('5B415814', 'REZA FATAHILLAH', '4IA17', '2014'),
('5B416896', 'MUHAMMAD FADIL', '4IA16', '2014'),
('5B416926', 'BIMA SATRIYA HANDAYANINGR', '4IA01', '2014'),
('5C414023', 'VICKY RAMADHANI', '4IA15', '2014'),
('5C414042', 'VIEN AULIA RAHMATIKA', '4IA08', '2014'),
('5C414051', 'VIKY FANDREANO', '4IA04', '2014'),
('5C414112', 'WAFIDDIN NAUFAL', '4IA03', '2014'),
('5C414135', 'WAHYU IQSAM S', '4IA08', '2014'),
('5C414159', 'WAHYU TRI LAKSONO', '4IA09', '2014'),
('5C414173', 'WAIS QURANDA', '4IA13', '2014'),
('5C414208', 'WIDIA TRIPURNAMASARI', '4IA10', '2014'),
('5C414218', 'WIDYA MAYLANI', '4IA04', '2014'),
('5C414221', 'WIDYA SUCITRA', '4IA06', '2014'),
('5C414235', 'WILDAN IRWANDA', '4IA07', '2014'),
('5C414249', 'WILLY ISKANDAR', '4IA06', '2014'),
('5C414294', 'WIRZAMMI RIZQA FATULLAH', '4IA02', '2014'),
('5C414305', 'WISNU MULYA SAMUDRA', '4IA08', '2014'),
('5C414306', 'WISNU NIRWONO', '4IA12', '2014'),
('5C414345', 'YAN DWI CAHYO', '4IA06', '2014'),
('5C414346', 'YAN SAPUTRA', '4IA02', '2014'),
('5C414411', 'YOGASWARA S P', '4IA11', '2014'),
('5C414418', 'YOGI EFTAMARA', '4IA16', '2014'),
('5C414421', 'YOGI HUSYEN PRASETYA', '4IA09', '2014'),
('5C414432', 'YOGIE BAGAS PAMBAGYO', '4IA14', '2014'),
('5C414454', 'YONANDA APRIYANDI', '4IA12', '2014'),
('5C414458', 'YONDRA MARSADA BASSANG', '4IA12', '2014'),
('5C414531', 'YULI MARLENA', '4IA12', '2014'),
('5C414568', 'YUNANDA GIFFA M', '4IA03', '2014'),
('5C414594', 'YUREZ ABDUL MUCHYI', '4IA06', '2014'),
('5C414620', 'YUSUP MAULANA', '4IA08', '2014'),
('5C414626', 'ZAENAL ARIFIN', '4IA16', '2014'),
('5C414631', 'ZAHRA FATHAN KUSUMA', '4IA04', '2014'),
('5C414643', 'ZAKARIA AHMAD FAUZI', '4IA10', '2014'),
('5C414646', 'ZAKI MOHAMMAD ADIZAN', '4IA13', '2014'),
('5C414670', 'ZHENDY DYAZ SAPUTRA', '4IA15', '2014'),
('5C414707', 'AHMAD ZAOHARUDIN', '4IA12', '2014'),
('5C414730', 'JANUAR DWI SURYA', '4IA14', '2014'),
('5C414739', 'MEGAWATI PERTIWI', '4IA08', '2014'),
('5C414790', 'EGA DWI PRASETYA', '4IA04', '2014'),
('5C414831', 'PANGERAN ADI NUGRAHA', '4IA17', '2014'),
('5C414837', 'RAY CEVAZ RIZQIE', '4IA03', '2014'),
('5C414919', 'ABDUL GHONI ABBASI', '4IA04', '2014'),
('5C414929', 'DINO ARI NANDA', '4IA12', '2014'),
('5C414931', 'FADHILAH DWI HARSO', '4IA04', '2014'),
('5C414982', 'RIZKY DWI PAHLAWAN', '4IA09', '2014'),
('5C414983', 'ROFIQ UMAR', '4IA03', '2014'),
('5D414003', 'FERIS FERNANDITHO A', '4IA04', '2014'),
('5D414009', 'KIKI HERDIANANDA PRATAMA', '4IA11', '2014'),
('5D414026', 'NURFATIMAH', '4IA12', '2014'),
('5D414042', 'ZUBEIR MUHAMMAD ARHESTA', '4IA13', '2014'),
('5D414086', 'IQBHAL SETYO MINDHARYANTO', '4IA07', '2014'),
('5D414266', 'NICO DHARMA', '4IA02', '2014'),
('5D414276', 'YUDHISTIRA PANDU DEWONOTO', '4IA02', '2014'),
('5D414291', 'ABDUL HARITS WIJAYA', '4IA02', '2014'),
('5D414305', 'ESTHERIA LIANA', '4IA17', '2014'),
('5D414325', 'IQBAL FAUZI RODHIBILLAH', '4IA02', '2014'),
('5D414326', 'KHADIJAH QUROTA AIN', '4IA12', '2014');

-- --------------------------------------------------------

--
-- Table structure for table `laporan`
--

CREATE TABLE IF NOT EXISTS `laporan` (
  `id_laporan` varchar(100) NOT NULL,
  `id_matprak` varchar(50) NOT NULL,
  `id_user` varchar(100) NOT NULL,
  `npm_baru` varchar(100) NOT NULL,
  `kelas_baru` varchar(5) NOT NULL,
  `pertemuan` varchar(2) NOT NULL,
  `tgl_lapor` varchar(50) NOT NULL,
  `tgl_terkonfirmasi` varchar(50) NOT NULL,
  `no_hp` varchar(20) NOT NULL,
  `alasan` longtext NOT NULL,
  `ktp` varchar(100) NOT NULL,
  `surket` varchar(100) NOT NULL,
  `surketlain` varchar(100) NOT NULL,
  `id_tugas` varchar(100) NOT NULL,
  `tugas` varchar(100) NOT NULL,
  `pj` varchar(100) NOT NULL,
  `admin_verifikasi` varchar(100) NOT NULL,
  `admin_blanko` varchar(100) NOT NULL,
  `tipe_laporan` varchar(2) NOT NULL,
  `status_laporan` varchar(2) NOT NULL,
  `banyak_lapor` varchar(2) NOT NULL,
  `catatan` longtext NOT NULL,
  `nilai` varchar(3) NOT NULL
) ENGINE=InnoDB DEFAULT CHARSET=latin1;

-- --------------------------------------------------------

--
-- Table structure for table `laporan_ditolak`
--

CREATE TABLE IF NOT EXISTS `laporan_ditolak` (
  `id_laporan` varchar(100) NOT NULL,
  `id_matprak` varchar(50) NOT NULL,
  `id_user` varchar(100) NOT NULL,
  `pertemuan` varchar(2) NOT NULL,
  `tgl_lapor` varchar(50) NOT NULL,
  `tgl_terkonfirmasi` varchar(50) NOT NULL,
  `no_hp` varchar(20) NOT NULL,
  `alasan` longtext NOT NULL,
  `ktp` varchar(100) NOT NULL,
  `surket` varchar(100) NOT NULL,
  `id_tugas` varchar(100) NOT NULL,
  `tugas` varchar(100) NOT NULL,
  `pj` varchar(100) NOT NULL,
  `admin_verifikasi` varchar(100) NOT NULL,
  `tipe_laporan` varchar(2) NOT NULL,
  `status_laporan` varchar(2) NOT NULL,
  `catatan` varchar(100) NOT NULL
) ENGINE=InnoDB DEFAULT CHARSET=latin1;

-- --------------------------------------------------------

--
-- Table structure for table `matprak`
--

CREATE TABLE IF NOT EXISTS `matprak` (
  `id_matprak` varchar(50) NOT NULL,
  `matprak` varchar(50) NOT NULL,
  `tingkat` varchar(2) NOT NULL,
  `jum_pertemuan` varchar(10) NOT NULL,
  `deskripsi` longtext NOT NULL
) ENGINE=InnoDB DEFAULT CHARSET=latin1;

--
-- Dumping data for table `matprak`
--

INSERT INTO `matprak` (`id_matprak`, `matprak`, `tingkat`, `jum_pertemuan`, `deskripsi`) VALUES
('GK1', 'Grafik Komputer 1', '3', '4', 'Grafik Komputer 1\r\nPertemuan 1 : Modelling\r\nPertemuan 2 : Texture\r\nPertemuan 3 : Rigging\r\nPertemuan 4 : Animasi'),
('JARKOMLAN', 'Jaringan Komputer Lanjut', '4', '4', 'Jaringan Komputer Lanjut\r\nPertemuan 1 : Virtual LAN\r\nPertemuan 2 : Access List\r\nPertemuan 3 : Routing (3 Router)\r\nPertemuan 4 : Cloud'),
('JK', 'Jaringan Komputer', '3', '4', 'Jaringan Komputer\r\nPertemuan 1 : Intro dan LAN\r\nPertemuan 2 : Subneting dan DHCP\r\nPertemuan 3 : DNS dan Mail Server\r\nPertemuan 4 : Routing Static'),
('KH', 'Kartu Hilang', '', '', 'Kartu Hilang'),
('PAA', 'Perancangan & Analisis Algoritma', '3', '4', 'Perancangan & Analisis Algoritma\r\nPertemuan 1 : Greedy\r\nPertemuan 2 : Brute Force\r\nPertemuan 3 : Devide and Conquer\r\nPertemuan 4 : BFS dan DFS'),
('PKB', 'Perancangan Kecerdasan Buatan', '3', '4', 'Perancangan Kecerdasan Buatan\r\nPertemuan 1 : Intro Machine Learning\r\nPertemuan 2 : Intro Neural Network\r\nPertemuan 3 : Optimasi Neural Network\r\nPertemuan 4 : Visualisasi'),
('PT', 'Praktikan Transfer', '', '', 'Praktikan Transfer'),
('PWEB', 'Pemrograman Website', '4', '8', 'Pemrograman Website\r\nPertemuan 1 :\r\nPertemuan 2 :\r\nPertemuan 3 :\r\nPertemuan 4 :\r\nPertemuan 5 :\r\nPertemuan 6 :\r\nPertemuan 7 :\r\nPertemuan 8 :'),
('SBD1', 'Sistem Basis Data 1', '3', '4', 'Sistem Basis Data 1\r\nPertemuan 1 : Data Definition Language\r\nPertemuan 2 : Data Manipulation Language\r\nPertemuan 3 : Data Control Language\r\nPertemuan 4 : Trigger'),
('SI', 'Sistem Informasi', '3', '4', 'Sistem Informasi\r\nPertemuan 1 : Usecase Diagram\r\nPertemuan 2 : Activity Diagram\r\nPertemuan 3 : Sequence Diagram\r\nPertemuan 4 : Class Diagram'),
('SIAK', 'Sistem Informasi Akuntansi', '2', '4', 'Sistem Informasi Akuntansi\r\nPertemuan 1 : Intro\r\nPertemuan 2 : Report\r\nPertemuan 3 : Report\r\nPertemuan 4 : Report');

-- --------------------------------------------------------

--
-- Table structure for table `tugas`
--

CREATE TABLE IF NOT EXISTS `tugas` (
  `id_tugas` varchar(100) NOT NULL,
  `id_matprak` varchar(50) NOT NULL,
  `pertemuan` varchar(2) NOT NULL,
  `kelas` varchar(5) NOT NULL,
  `soal` longtext NOT NULL
) ENGINE=InnoDB DEFAULT CHARSET=latin1;

--
-- Dumping data for table `tugas`
--

INSERT INTO `tugas` (`id_tugas`, `id_matprak`, `pertemuan`, `kelas`, `soal`) VALUES
('3IA01-GK1.1', 'GK1', '1', '3IA01', 'Buatlah objek meja dan kursi/sofa ditambah 1 objek lain yang berbeda serta berikan penjelasan alur pembuatannya'),
('3IA01-JK.1', 'JK', '1', '3IA01', 'Buatlah simulasi jaringan LAN beserta langkah-langkahnya !'),
('3IA01-PAA.1', 'PAA', '1', '3IA01', 'Membuat perhitungan mencari bilangan ganjil dan genap dan jelaskan logikanyaa'),
('3IA01-PKB.1', 'PKB', '1', '3IA01', 'Buatlah program untuk meload dataset yang digunakan pada praktikum dan jelaskan kode program tersebut!'),
('3IA01-SBD1.1', 'SBD1', '1', '3IA01', 'Buatlah 1 database dan 1 Tabel dan Implementasikan semua query DDL beserta penjelasannya !'),
('3IA01-SI.1', 'SI', '1', '3IA01', 'Buatlah dan jelaskan usecase diagram dalam pembuatan sim'),
('3IA01-SI.2', 'SI', '2', '3IA01', 'Buatlah dan jelaskan usecase diagram dalam pembuatan sim A'),
('3IA02-GK1.1', 'GK1', '1', '3IA02', 'Buatlah meja, kursi, piring, dan gelas. Lalu berikan penjelasannya!'),
('3IA02-JK.1', 'JK', '1', '3IA02', 'Buatlah simulasi jaringan LAN beserta langkah-langkahnya !'),
('3IA02-PAA.1', 'PAA', '1', '3IA02', 'Membuat perhitungan mencari bilangan ganjil dan genap dan jelaskan logikanyaa'),
('3IA02-PKB.1', 'PKB', '1', '3IA02', 'Buatlah program untuk preprocessing dataset yang digunakan pada praktikum, jelaskan kode program tersebut dan tampilkan hasilnya!'),
('3IA02-SBD1.1', 'SBD1', '1', '3IA02', 'Buatlah 1 database dan 1 Tabel dan Implementasikan semua query DDL beserta penjelasannya !'),
('3IA02-SI.1', 'SI', '1', '3IA02', 'Berikan penjelasan lengkap mengenai use case diagram serta buat contoh use case diagram sistem berbelanja di mini market'),
('3IA03-GK1.1', 'GK1', '1', '3IA03', 'Buatlah meja, kursi, piring, dan gelas. Lalu berikan penjelasannya!'),
('3IA03-JK.1', 'JK', '1', '3IA03', 'Buatlah simulasi jaringan LAN beserta langkah-langkahnya !'),
('3IA03-PAA.1', 'PAA', '1', '3IA03', 'Membuat perhitungan mencari bilangan ganjil dan genap dan jelaskan logikanyaa'),
('3IA03-PKB.1', 'PKB', '1', '3IA03', 'Buatlah program untuk meload dataset yang digunakan pada praktikum dan lakukan preprocessing pada dataset tersebut!'),
('3IA03-SBD1.1', 'SBD1', '1', '3IA03', 'Buatlah 1 database dan 1 Tabel dan Implementasikan semua query DDL beserta penjelasannya !'),
('3IA03-SI.1', 'SI', '1', '3IA03', 'Buat lah tahapan dalam membuat KRS di universitas Gunadarma dengan menggunakan diagram activity dan minimal menggunakan 4 karakter.'),
('3IA04-GK1.1', 'GK1', '1', '3IA04', 'Buatlah meja, kursi, piring, dan gelas. Lalu berikan penjelasannya!'),
('3IA04-JK.1', 'JK', '1', '3IA04', 'Buatlah simulasi jaringan LAN beserta langkah-langkahnya !'),
('3IA04-PAA.1', 'PAA', '1', '3IA04', 'Membuat perhitungan mencari bilangan ganjil dan genap dan jelaskan logikanyaa'),
('3IA04-PKB.1', 'PKB', '1', '3IA04', 'Jelaskan apa yang dimaksud dengan Machine Learning dan penerapannya!'),
('3IA04-SBD1.1', 'SBD1', '1', '3IA04', 'Buatlah 1 database dan 1 Tabel dan Implementasikan semua query DDL beserta penjelasannya !'),
('3IA04-SI.1', 'SI', '1', '3IA04', 'Buatlah diagram use case mengenai transaksi belanja online'),
('3IA05-GK1.1', 'GK1', '1', '3IA05', 'Buatlah meja, kursi, piring, dan gelas. Lalu berikan penjelasannya!'),
('3IA05-JK.1', 'JK', '1', '3IA05', 'Buatlah simulasi jaringan LAN beserta langkah-langkahnya !'),
('3IA05-PAA.1', 'PAA', '1', '3IA05', 'Membuat perhitungan mencari bilangan ganjil dan genap dan jelaskan logikanyaa'),
('3IA05-PKB.1', 'PKB', '1', '3IA05', 'Jelaskan penerapan Machine Learning pada kehidupan sehari-hari!'),
('3IA05-SBD1.1', 'SBD1', '1', '3IA05', 'Buatlah 1 database dan 1 Tabel dan Implementasikan semua query DDL beserta penjelasannya !'),
('3IA05-SI.1', 'SI', '1', '3IA05', 'Buatlah dan jelaskan usecase diagram dalam pembuatan sim'),
('3IA06-GK1.1', 'GK1', '1', '3IA06', 'Buatlah meja, kursi, piring, dan gelas. Lalu berikan penjelasannya!'),
('3IA06-JK.1', 'JK', '1', '3IA06', 'Buatlah simulasi jaringan LAN beserta langkah-langkahnya !'),
('3IA06-PAA.1', 'PAA', '1', '3IA06', 'Membuat perhitungan mencari bilangan ganjil dan genap dan jelaskan logikanyaa'),
('3IA06-PKB.1', 'PKB', '1', '3IA06', 'Jelaskan tahapan yang dilakukan pada Machine Learning!'),
('3IA06-SBD1.1', 'SBD1', '1', '3IA06', 'Buatlah 1 database dan 1 Tabel dan Implementasikan semua query DDL beserta penjelasannya !'),
('3IA06-SI.1', 'SI', '1', '3IA06', 'Buatlah diagram use case mengenai transaksi belanja online'),
('3IA07-GK1.1', 'GK1', '1', '3IA07', 'Buatlah meja, kursi, piring, dan gelas. Lalu berikan penjelasannya!'),
('3IA07-JK.1', 'JK', '1', '3IA07', 'Buatlah simulasi jaringan LAN beserta langkah-langkahnya !'),
('3IA07-PAA.1', 'PAA', '1', '3IA07', 'Membuat perhitungan mencari bilangan ganjil dan genap dan jelaskan logikanyaa'),
('3IA07-PKB.1', 'PKB', '1', '3IA07', 'Jelaskan penerapan Machine Learning pada kehidupan sehari-hari!'),
('3IA07-SBD1.1', 'SBD1', '1', '3IA07', 'Buatlah 1 database dan 1 Tabel dan Implementasikan semua query DDL beserta penjelasannya !'),
('3IA07-SI.1', 'SI', '1', '3IA07', 'Buatlah Usecase Diagram mengenai sistem Ojek Online dari memesan sampai membayar!'),
('3IA08-GK1.1', 'GK1', '1', '3IA08', 'Buatlah meja, kursi, piring, dan gelas. Lalu berikan penjelasannya!'),
('3IA08-JK.1', 'JK', '1', '3IA08', 'Buatlah simulasi jaringan LAN beserta langkah-langkahnya !'),
('3IA08-PAA.1', 'PAA', '1', '3IA08', 'Membuat perhitungan mencari bilangan ganjil dan genap dan jelaskan logikanyaa'),
('3IA08-PKB.1', 'PKB', '1', '3IA08', 'Jelaskan lima algoritma yang biasa digunakan pada Machine Learning, bagaimana penerapannya dan bandingkan algoritma tersebut!'),
('3IA08-SBD1.1', 'SBD1', '1', '3IA08', 'Buatlah 1 database dan 1 Tabel dan Implementasikan semua query DDL beserta penjelasannya !'),
('3IA08-SI.1', 'SI', '1', '3IA08', 'Gambarkan use case diagram "Cara membuat rekening baru" dan jelaskan use case yg kamu buat.'),
('3IA09-GK1.1', 'GK1', '1', '3IA09', 'Buatlah meja, kursi, piring, dan gelas. Lalu berikan penjelasannya!'),
('3IA09-JK.1', 'JK', '1', '3IA09', 'Buatlah simulasi jaringan LAN beserta langkah-langkahnya !'),
('3IA09-PAA.1', 'PAA', '1', '3IA09', 'Membuat perhitungan mencari bilangan ganjil dan genap dan jelaskan logikanyaa'),
('3IA09-PKB.1', 'PKB', '1', '3IA09', 'Jelaskan lima algoritma yang biasa digunakan pada Machine Learning, bagaimana penerapannya dan bandingkan algoritma tersebut!'),
('3IA09-SBD1.1', 'SBD1', '1', '3IA09', 'Buatlah 1 database dan 1 Tabel dan Implementasikan semua query DDL beserta penjelasannya !'),
('3IA09-SI.1', 'SI', '1', '3IA09', 'Butlah usecase diagram tentang acrivity pembuatan rekening baru  pada bank berseta logikanya'),
('3IA10-GK1.1', 'GK1', '1', '3IA10', 'Buatlah meja, kursi, piring, dan gelas. Lalu berikan penjelasannya!'),
('3IA10-JK.1', 'JK', '1', '3IA10', 'Buatlah simulasi jaringan LAN beserta langkah-langkahnya !'),
('3IA10-PAA.1', 'PAA', '1', '3IA10', 'Membuat perhitungan mencari bilangan ganjil dan genap dan jelaskan logikanyaa'),
('3IA10-PKB.1', 'PKB', '1', '3IA10', 'Buatlah program untuk meload dataset yang digunakan pada praktikum dan jelaskan kode program tersebut!'),
('3IA10-SBD1.1', 'SBD1', '1', '3IA10', 'Buatlah 1 database dan 1 Tabel dan Implementasikan semua query DDL beserta penjelasannya !'),
('3IA10-SI.1', 'SI', '1', '3IA10', 'Sebutkan dan jelaskan relasi pada use case diagram'),
('3IA11-GK1.1', 'GK1', '1', '3IA11', 'Buatlah meja, kursi, piring, dan gelas. Lalu berikan penjelasannya!'),
('3IA11-JK.1', 'JK', '1', '3IA11', 'Buatlah simulasi jaringan LAN beserta langkah-langkahnya !'),
('3IA11-PAA.1', 'PAA', '1', '3IA11', 'Membuat perhitungan mencari bilangan ganjil dan genap dan jelaskan logikanyaa'),
('3IA11-PKB.1', 'PKB', '1', '3IA11', 'Jelaskan tahapan yang dilakukan pada Machine Learning!'),
('3IA11-SBD1.1', 'SBD1', '1', '3IA11', 'Buatlah 1 database dan 1 Tabel dan Implementasikan semua query DDL beserta penjelasannya !'),
('3IA11-SI.1', 'SI', '1', '3IA11', 'Buat use case diagram tentang pembelian tiket kereta api di loket & jelaskan logikanya'),
('3IA12-GK1.1', 'GK1', '1', '3IA12', 'Buat 1 buah ruang tamu yg berisi, sofa , tv, meja tv, dan meja biasa'),
('3IA12-JK.1', 'JK', '1', '3IA12', 'Buatlah simulasi jaringan LAN beserta langkah-langkahnya !'),
('3IA12-PAA.1', 'PAA', '1', '3IA12', 'Membuat perhitungan mencari bilangan ganjil dan genap dan jelaskan logikanyaa'),
('3IA12-PKB.1', 'PKB', '1', '3IA12', 'Jelaskan penerapan Machine Learning pada kehidupan sehari-hari!'),
('3IA12-SBD1.1', 'SBD1', '1', '3IA12', 'Buatlah 1 database dan 1 Tabel dan Implementasikan semua query DDL beserta penjelasannya !'),
('3IA12-SI.1', 'SI', '1', '3IA12', 'Berikan penjelasan lengkap mengenai use case diagram serta buat contoh use case diagram sistem berbelanja di mini market'),
('3IA13-GK1.1', 'GK1', '1', '3IA13', 'Buatlah meja, kursi, piring, dan gelas. Lalu berikan penjelasannya!'),
('3IA13-JK.1', 'JK', '1', '3IA13', 'Buatlah simulasi jaringan LAN beserta langkah-langkahnya !'),
('3IA13-PAA.1', 'PAA', '1', '3IA13', 'Membuat perhitungan mencari bilangan ganjil dan genap dan jelaskan logikanyaa'),
('3IA13-PKB.1', 'PKB', '1', '3IA13', 'Jelaskan lima algoritma yang biasa digunakan pada Machine Learning, bagaimana penerapannya dan bandingkan algoritma tersebut!'),
('3IA13-SBD1.1', 'SBD1', '1', '3IA13', 'Buatlah 1 database dan 1 Tabel dan Implementasikan semua query DDL beserta penjelasannya !'),
('3IA13-SI.1', 'SI', '1', '3IA13', 'Buat use case diagram tentang pembelian tiket kereta api di loket & jelaskan logikanya'),
('3IA14-GK1.1', 'GK1', '1', '3IA14', 'Buatlah meja, kursi, piring, dan gelas. Lalu berikan penjelasannya!'),
('3IA14-JK.1', 'JK', '1', '3IA14', 'Buatlah simulasi jaringan LAN beserta langkah-langkahnya !'),
('3IA14-PAA.1', 'PAA', '1', '3IA14', 'Membuat perhitungan mencari bilangan ganjil dan genap dan jelaskan logikanyaa'),
('3IA14-PKB.1', 'PKB', '1', '3IA14', 'Jelaskan lima algoritma yang biasa digunakan pada Machine Learning, bagaimana penerapannya dan bandingkan algoritma tersebut!'),
('3IA14-SBD1.1', 'SBD1', '1', '3IA14', 'Buatlah 1 database dan 1 Tabel dan Implementasikan semua query DDL beserta penjelasannya !'),
('3IA14-SI.1', 'SI', '1', '3IA14', 'Butlah usecase diagram tentang acrivity pembuatan rekening baru  pada bank berseta logikanya'),
('3IA15-GK1.1', 'GK1', '1', '3IA15', 'Buatlah objek meja dan kursi/sofa ditambah 1 objek lain yang berbeda serta berikan penjelasan alur pembuatannya'),
('3IA15-JK.1', 'JK', '1', '3IA15', 'Buatlah simulasi jaringan LAN beserta langkah-langkahnya !'),
('3IA15-PAA.1', 'PAA', '1', '3IA15', 'Membuat perhitungan mencari bilangan ganjil dan genap dan jelaskan logikanyaa'),
('3IA15-PKB.1', 'PKB', '1', '3IA15', 'Jelaskan penerapan Machine Learning pada kehidupan sehari-hari!'),
('3IA15-SBD1.1', 'SBD1', '1', '3IA15', 'Buatlah 1 database dan 1 Tabel dan Implementasikan semua query DDL beserta penjelasannya !'),
('3IA15-SI.1', 'SI', '1', '3IA15', 'Buatlah Usecase Diagram mengenai sistem Ojek Online dari memesan sampai membayar!'),
('3IA16-GK1.1', 'GK1', '1', '3IA16', 'Buatlah meja, kursi, piring, dan gelas. Lalu berikan penjelasannya!'),
('3IA16-JK.1', 'JK', '1', '3IA16', 'Buatlah simulasi jaringan LAN beserta langkah-langkahnya !'),
('3IA16-PAA.1', 'PAA', '1', '3IA16', 'Membuat perhitungan mencari bilangan ganjil dan genap dan jelaskan logikanyaa'),
('3IA16-PKB.1', 'PKB', '1', '3IA16', 'Jelaskan lima algoritma yang biasa digunakan pada Machine Learning, bagaimana penerapannya dan bandingkan algoritma tersebut!'),
('3IA16-SBD1.1', 'SBD1', '1', '3IA16', 'Buatlah 1 database dan 1 Tabel dan Implementasikan semua query DDL beserta penjelasannya !'),
('3IA16-SI.1', 'SI', '1', '3IA16', 'Buatlah diagram use case mengenai transaksi belanja online'),
('3IA17-GK1.1', 'GK1', '1', '3IA17', 'Buatlah meja, kursi, piring, dan gelas. Lalu berikan penjelasannya!'),
('3IA17-JK.1', 'JK', '1', '3IA17', 'Buatlah simulasi jaringan LAN beserta langkah-langkahnya !'),
('3IA17-PAA.1', 'PAA', '1', '3IA17', 'Membuat perhitungan mencari bilangan ganjil dan genap dan jelaskan logikanyaa'),
('3IA17-PKB.1', 'PKB', '1', '3IA17', 'Buatlah program untuk meload dataset yang digunakan pada praktikum dan jelaskan kode program tersebut!'),
('3IA17-SBD1.1', 'SBD1', '1', '3IA17', 'Buatlah 1 database dan 1 Tabel dan Implementasikan semua query DDL beserta penjelasannya !'),
('3IA17-SI.1', 'SI', '1', '3IA17', 'Sebutkan dan jelaskan relasi pada use case diagram'),
('KH', 'KH', '', '', 'Kartu Hilang'),
('PT', 'PT', '', '', 'Praktikan Transfer');

-- --------------------------------------------------------

--
-- Table structure for table `user`
--

CREATE TABLE IF NOT EXISTS `user` (
  `id_user` varchar(100) NOT NULL,
  `npm` varchar(8) NOT NULL,
  `username` varchar(100) NOT NULL,
  `password` varchar(100) NOT NULL,
  `nama` varchar(100) NOT NULL,
  `angkatan` varchar(4) NOT NULL,
  `kelas` varchar(5) NOT NULL,
  `level` varchar(3) NOT NULL,
  `akses` varchar(2) NOT NULL
) ENGINE=InnoDB DEFAULT CHARSET=latin1;

--
-- Dumping data for table `user`
--

INSERT INTO `user` (`id_user`, `npm`, `username`, `password`, `nama`, `angkatan`, `kelas`, `level`, `akses`) VALUES
('ATLabTI-57413567', '57413567', 'atti_rian.tk', 'rian.tk_01', 'Rian Tri Kusuma', '2015', 'NC', '2', '1'),
('PJLabTI-1A114535', '1A114535', 'pjti_suryaningsih', 'suryaningsih_35', 'Suryaningsih', '2014', '4KA17', '3', '1'),
('PJLabTI-50412566', '50412566', 'pjti_albertus', 'albertus_6', 'Albertus Vrima', '2012', 'NC', '3', '1'),
('PJLabTI-50414350', '50414350', 'pjti_adrian.faisal', 'adrian.faisal_3', 'Adrian Faisal', '2014', '', '3', '1'),
('PJLabTI-50414413', '50414413', 'pjti_afriandri', 'afriandri_4', 'Afriandri', '2014', '', '3', '1'),
('PJLabTI-50414521', '50414521', 'pjti_agustinus.d', 'agustinus.d_5', 'Agustinus D', '2014', '4IA05', '3', '1'),
('PJLabTI-50414827', '50414827', 'pjti_alfonsius', 'alfonsius_7', 'Alfonsius', '2014', '', '3', '1'),
('PJLabTI-51413794', '51413794', 'pjti_brizky', 'brizky_13', 'Brizky', '2013', 'NC', '3', '1'),
('PJLabTI-51414068', '51414068', 'pjti_andika.h', 'andika.h_8', 'Andika H', '2014', '4IA05', '3', '1'),
('PJLabTI-51414161', '51414161', 'pjti_andriannus', 'andriannus_9', 'Andriannus', '2014', '', '3', '1'),
('PJLabTI-51414598', '51414598', 'pjti_arif.rachman', 'arif.rachman_10', 'Arif Rachman', '2014', '', '3', '1'),
('PJLabTI-51414845', '51414845', 'pjti_auni.rahman', 'auni.rahman_11', 'Auni Rachman', '2014', '', '3', '1'),
('PJLabTI-51414945', '51414945', 'pjti_azzam', 'azzam_12', 'Azzam', '2014', '', '3', '1'),
('PJLabTI-52414717', '52414717', 'pjti_deny.a', 'deny.a_15', 'Deny Achmad', '2014', '', '3', '1'),
('PJLabTI-53414066', '53414066', 'pjti_dienda', 'dienda_16', 'Dienda', '2014', '', '3', '1'),
('PJLabTI-53414724', '53414724', 'pjti_fachrul', 'fachrul_17', 'Fachrul', '2014', '', '3', '1'),
('PJLabTI-54414074', '54414074', 'pjti_fauzi.f', 'fauzi.f_18', 'Fauzi F', '2014', '', '3', '1'),
('PJLabTI-54414422', '54414422', 'pjti_gagah.l', 'gagah.l_19', 'Gagah Lanang', '2014', '', '3', '1'),
('PJLabTI-55414920', '55414920', 'pjti_krisna.m', 'krisna.m_20', 'Krisna M', '2014', '4IA01', '3', '1'),
('PJLabTI-56414412', '56414412', 'pjti_marla.nur', 'marla.nur_29', 'Marla Nur', '2014', '4IA04', '3', '1'),
('PJLabTI-56414784', '56414784', 'pjti_m.fahmy.a', 'm.fahmy.a_24', 'M Fahmy A', '2014', '', '3', '1'),
('PJLabTI-57413567', '57413567', 'pjti_rian.tk', 'rian.tk_01', 'Rian Tri Kusuma', '2015', 'NC', '3', '1'),
('PJLabTI-57414056', '57414056', 'pjti_m.agung', 'm.agung_21', 'M Agung', '2014', '', '3', '1'),
('PJLabTI-57414064', '57414064', 'pjti_m.akbar', 'm.akbar_22', 'M Akbar', '2014', '4IA05', '3', '1'),
('PJLabTI-57414084', '57414084', 'pjti_m.andika.n', 'm.andika.n_23', 'M Andika N', '2014', '', '3', '1'),
('PJLabTI-57414205', '57414205', 'pjti_m.faiz', 'm.faiz_25', 'M Faiz', '2014', '4IA17', '3', '1'),
('PJLabTI-57414263', '57414263', 'pjti_m.garry', 'm.garry_26', 'M Garry', '2014', '4IA13', '3', '1'),
('PJLabTI-57414308', '57414308', 'pjti_m.himawan', 'm.himawan_27', 'M Himawan', '2014', '4IA10', '3', '1'),
('PJLabTI-57414517', '57414517', 'pjti_m.rizkiansyah', 'm.rizkiansyah_28', 'M Rizkiansyah', '2014', '', '3', '1'),
('PJLabTI-57415955', '57415955', 'pjti_debora.t', 'debora.t_14', 'Debora T', '2015', '3IA26', '3', '1'),
('PJLabTI-58414207', '58414207', 'pjti_nurdita', 'nurdita_30', 'Nurdita', '2014', '4IA04', '3', '1'),
('PJLabTI-58414254', '58414254', 'pjti_nurul.aulia', 'nurul.aulia_31', 'Nurul Aulia', '2014', '4IA09', '3', '1'),
('PJLabTI-58414284', '58414284', 'pjti_nurul.nadira', 'nurul.nadira_32', 'Nurul Nadira', '2014', '4IA12', '3', '1'),
('PJLabTI-58414548', '58414548', 'pjti_puji.prasetyo', 'puji.prasetyo_33', 'Puji Prasetyo', '2014', '4IA16', '3', '1'),
('PJLabTI-59414683', '59414683', 'pjti_rizky.eka', 'rizky.eka_34', 'Rizky Eka', '2014', '4IA04', '3', '1'),
('PJLabTI-5A414735', '5A414735', 'pjti_thomi.akbar', 'thomi.akbar_36', 'Thomi Akbar', '2014', '4IA16', '3', '1'),
('PJLabTI-5C414218', '5C414218', 'pjti_widya.m', 'widya.m_37', 'Widya M', '2014', '4IA04', '3', '1'),
('PJLabTI-5C414643', '5C414643', 'pjti_a.zakaria', 'a.zakaria_1', 'A Zakaria', '2014', '', '3', '1'),
('PJLabTI-5C414919', '5C414919', 'pjti_abdul.ghoni', 'abdul.ghoni_2', 'Abdul Ghoni', '2014', '', '3', '1'),
('Prak-57413567-LabTI', '57413567', 'rian.tk', 'rian.tk', 'Rian Tri Kusuma', '2013', '3IA01', '1', '');

--
-- Indexes for dumped tables
--

--
-- Indexes for table `data_mahasiswa`
--
ALTER TABLE `data_mahasiswa`
 ADD PRIMARY KEY (`npm`);

--
-- Indexes for table `laporan`
--
ALTER TABLE `laporan`
 ADD PRIMARY KEY (`id_laporan`), ADD KEY `id_matprak` (`id_matprak`), ADD KEY `pj` (`pj`), ADD KEY `admin_verifikasi` (`admin_verifikasi`), ADD KEY `admin_blanko` (`admin_blanko`), ADD KEY `id_user` (`id_user`), ADD KEY `id_tugas` (`id_tugas`);

--
-- Indexes for table `laporan_ditolak`
--
ALTER TABLE `laporan_ditolak`
 ADD PRIMARY KEY (`id_laporan`), ADD KEY `id_matprak` (`id_matprak`), ADD KEY `npm` (`id_user`), ADD KEY `id_user` (`id_user`), ADD KEY `id_tugas` (`id_tugas`);

--
-- Indexes for table `matprak`
--
ALTER TABLE `matprak`
 ADD PRIMARY KEY (`id_matprak`);

--
-- Indexes for table `tugas`
--
ALTER TABLE `tugas`
 ADD PRIMARY KEY (`id_tugas`), ADD KEY `id_matprak` (`id_matprak`);

--
-- Indexes for table `user`
--
ALTER TABLE `user`
 ADD PRIMARY KEY (`id_user`), ADD UNIQUE KEY `username` (`username`), ADD KEY `npm` (`npm`), ADD KEY `npm_2` (`npm`), ADD KEY `npm_3` (`npm`), ADD KEY `npm_4` (`npm`), ADD KEY `npm_5` (`npm`), ADD KEY `npm_mhs` (`npm`), ADD KEY `npm_mhs_2` (`npm`);

--
-- Constraints for dumped tables
--

--
-- Constraints for table `laporan`
--
ALTER TABLE `laporan`
ADD CONSTRAINT `id_matprak` FOREIGN KEY (`id_matprak`) REFERENCES `matprak` (`id_matprak`) ON DELETE NO ACTION ON UPDATE NO ACTION,
ADD CONSTRAINT `laporan_ibfk_1` FOREIGN KEY (`id_user`) REFERENCES `user` (`id_user`) ON DELETE CASCADE ON UPDATE CASCADE,
ADD CONSTRAINT `laporan_ibfk_2` FOREIGN KEY (`id_tugas`) REFERENCES `tugas` (`id_tugas`) ON DELETE CASCADE ON UPDATE CASCADE;

--
-- Constraints for table `laporan_ditolak`
--
ALTER TABLE `laporan_ditolak`
ADD CONSTRAINT `laporan_ditolak_ibfk_2` FOREIGN KEY (`id_matprak`) REFERENCES `matprak` (`id_matprak`) ON DELETE NO ACTION ON UPDATE NO ACTION,
ADD CONSTRAINT `laporan_ditolak_ibfk_3` FOREIGN KEY (`id_user`) REFERENCES `user` (`id_user`) ON DELETE CASCADE ON UPDATE CASCADE,
ADD CONSTRAINT `laporan_ditolak_ibfk_4` FOREIGN KEY (`id_tugas`) REFERENCES `tugas` (`id_tugas`) ON DELETE CASCADE ON UPDATE CASCADE;

--
-- Constraints for table `tugas`
--
ALTER TABLE `tugas`
ADD CONSTRAINT `tugas_ibfk_2` FOREIGN KEY (`id_matprak`) REFERENCES `matprak` (`id_matprak`) ON DELETE CASCADE ON UPDATE CASCADE;

--
-- Constraints for table `user`
--
ALTER TABLE `user`
ADD CONSTRAINT `user_ibfk_1` FOREIGN KEY (`npm`) REFERENCES `data_mahasiswa` (`npm`) ON DELETE CASCADE ON UPDATE CASCADE;

/*!40101 SET CHARACTER_SET_CLIENT=@OLD_CHARACTER_SET_CLIENT */;
/*!40101 SET CHARACTER_SET_RESULTS=@OLD_CHARACTER_SET_RESULTS */;
/*!40101 SET COLLATION_CONNECTION=@OLD_COLLATION_CONNECTION */;
